Corps de métier;Sous-métier (dépannage);Code pack;Nom du pack;Catégorie;Nb lignes
Calorifugeage;;CAL-PACK-001;Calorifugeage réseaux chauffage et ECS;CHANGEMENT;20
Calorifugeage;;CAL-PACK-002;Calorifugeage réseaux acier DN20–DN80;CHANGEMENT;20
Calorifugeage;;CAL-PACK-003;Calorifugeage réseau vapeur haute température;CHANGEMENT;20
Calorifugeage;;CAL-PACK-004;Calorifugeage réseau PAC / frigorifique;CHANGEMENT;20
Calorifugeage;;CAL-PACK-005;Calorifugeage ballons ECS / réservoirs;CHANGEMENT;20
Calorifugeage;;CAL-PACK-006;Calorifugeage vannes et accessoires;CHANGEMENT;20
Calorifugeage;;CAL-PACK-007;Calorifugeage gaines ventilation / CTA;CHANGEMENT;20
Calorifugeage;;CAL-PACK-008;Calorifugeage chaufferie complète;CHANGEMENT;20
Calorifugeage;;CAL-PACK-009;Dépose + repose calorifugeage existant;CHANGEMENT;20
Calorifugeage;;CAL-PACK-010;Calorifugeage réseaux extérieurs (UV/intempéries);CHANGEMENT;20
Calorifugeage;;CAL-PACK-011;Calorifugeage gros réseaux DN100 à DN320;CHANGEMENT;20
Calorifugeage;;CAL-PACK-012;Calorifugeage sous-station thermique complet;CHANGEMENT;20
Calorifugeage;;CAL-PACK-013;Calorifugeage complet finition aluminium;CHANGEMENT;20
Calorifugeage;;CAL-PACK-014;Calorifugeage complet finition PVC;CHANGEMENT;20
Calorifugeage;;CAL-PACK-015;Matelas isolants points singuliers DN20 à DN200;CHANGEMENT;20
Calorifugeage;;CAL-PACK-016;Réseau enterré pré-isolé (Calpex / Uponor / Logstor);CHANGEMENT;20
Calorifugeage;;CAL-PACK-017;Calorifugeage réseau solaire haute température;CHANGEMENT;20
Calorifugeage;;CAL-PACK-018;Calorifugeage CTA double flux complète;CHANGEMENT;20
Calorifugeage;;CAL-PACK-019;Calorifugeage réseau vapeur + condensats double enveloppe;CHANGEMENT;20
Carrelage – Sols & Murs;;CAR-PACK-001;Carrelage format standard;CHANGEMENT;20
Carrelage – Sols & Murs;;CAR-PACK-002;Carrelage grand format;CHANGEMENT;20
Carrelage – Sols & Murs;;CAR-PACK-003;Carrelage imitation bois;CHANGEMENT;20
Carrelage – Sols & Murs;;CAR-PACK-004;Carrelage extérieur terrasse;CHANGEMENT;20
Carrelage – Sols & Murs;;CAR-PACK-005;Plinthes carrelage;CHANGEMENT;20
Carrelage – Sols & Murs;;CAR-PACK-007;Grands carreaux muraux;CHANGEMENT;20
Carrelage – Sols & Murs;;CAR-PACK-008;Mosaïque murale / sol douche;CHANGEMENT;20
Carrelage – Sols & Murs;;CAR-PACK-010;Habillage complet douche carrelée;CHANGEMENT;20
Carrelage – Sols & Murs;;CAR-PACK-011;Carrelage sur ancien carrelage;CHANGEMENT;20
Carrelage – Sols & Murs;;CAR-PACK-012;Dépose + nouveau carrelage sol;CHANGEMENT;20
Carrelage – Sols & Murs;;CAR-PACK-013;Remplacement faïence murale;CHANGEMENT;20
Carrelage – Sols & Murs;;CAR-PACK-015;Carreaux ciment artisanaux;CHANGEMENT;20
Carrelage – Sols & Murs;;CAR-PACK-017;Carrelage piscine (bassin + margelles);CHANGEMENT;20
Carrelage – Sols & Murs;;CAR-PACK-018;Carrelage pierre naturelle premium;CHANGEMENT;20
Carrelage – Sols & Murs;;CAR-PACK-006;Faïence murale standard;INSTALLATION;20
Carrelage – Sols & Murs;;CAR-PACK-009;Crédence cuisine carrelée;INSTALLATION;20
Carrelage – Sols & Murs;;CAR-PACK-014;Carrelage travertin (opus / irrégulier);INSTALLATION;20
Carrelage – Sols & Murs;;CAR-PACK-016;Carrelage extérieur XXL;INSTALLATION;20
Carrelage – Sols & Murs;;CAR-PACK-019;Zellige / Kitkat / faïence artisanale;INSTALLATION;20
Carrelage – Sols & Murs;;CAR-PACK-020;Carrelage sol standard interieur;INSTALLATION;20
Charpente bois – Ossature;;CHAR-PACK-001;Charpente traditionnelle complète;CHANGEMENT;20
Charpente bois – Ossature;;CHAR-PACK-002;Charpente fermettes industrielles;CHANGEMENT;21
Charpente bois – Ossature;;CHAR-PACK-003;Renfort charpente pour combles aménageables;CHANGEMENT;20
Charpente bois – Ossature;;CHAR-PACK-004;Remplacement éléments de charpente;CHANGEMENT;20
Charpente bois – Ossature;;CHAR-PACK-005;Plancher bois / solivage;CHANGEMENT;20
Charpente bois – Ossature;;CHAR-PACK-006;Ouverture trémie escalier;CHANGEMENT;20
Charpente bois – Ossature;;CHAR-PACK-007;Surélévation ossature bois + charpente;CHANGEMENT;20
Charpente bois – Ossature;;CHAR-PACK-008;Mur ossature bois (support bardage);CHANGEMENT;20
Charpente bois – Ossature;;CHAR-PACK-009;Carport / auvent bois;CHANGEMENT;20
Charpente bois – Ossature;;CHAR-PACK-010;Traitement charpente (préventif / curatif);FINITIONS;20
Charpente métallique;;MET-PACK-004;Reprise de charge métallique;CHANGEMENT;20
Charpente métallique;;MET-PACK-006;Escalier métallique;CHANGEMENT;20
Charpente métallique;;MET-PACK-007;Garde-corps acier;CHANGEMENT;20
Charpente métallique;;MET-PACK-008;Bardage métallique + ossature secondaire;CHANGEMENT;20
Charpente métallique;;MET-PACK-010;Dépose / remplacement structure acier;DEMOLITION;20
Charpente métallique;;MET-PACK-001;Structure acier complète (ossature bâtiment);INSTALLATION;20
Charpente métallique;;MET-PACK-002;Mezzanine acier;INSTALLATION;20
Charpente métallique;;MET-PACK-003;Pose poutre acier grande portée;INSTALLATION;20
Charpente métallique;;MET-PACK-005;Auvent / Carport acier;INSTALLATION;20
Charpente métallique;;MET-PACK-009;Structure acier support photovoltaïque;INSTALLATION;20
Chauffage – Chaudières – Radiateurs – Réseaux;;CHAU-CHAU-PACK-001;Radiateur eau chaude (fourniture + pose);CHANGEMENT;20
Chauffage – Chaudières – Radiateurs – Réseaux;;CHAU-CHAU-PACK-002;Chaudière gaz murale;CHANGEMENT;20
Chauffage – Chaudières – Radiateurs – Réseaux;;CHAU-CHAU-PACK-003;Chaudière électrique;CHANGEMENT;20
Chauffage – Chaudières – Radiateurs – Réseaux;;CHAU-CHAU-PACK-004;Réseau chauffage multicouche;CHANGEMENT;20
Chauffage – Chaudières – Radiateurs – Réseaux;;CHAU-CHAU-PACK-005;Nourrices chauffage;CHANGEMENT;20
Chauffage – Chaudières – Radiateurs – Réseaux;;CHAU-CHAU-PACK-007;Sèche-serviette électrique;CHANGEMENT;20
Chauffage – Chaudières – Radiateurs – Réseaux;;CHAU-CHAU-PACK-008;Déplacement réseau chauffage;CHANGEMENT;20
Chauffage – Chaudières – Radiateurs – Réseaux;;CHAU-CHAU-PACK-012;Sous-station chauffage / ECS;CHANGEMENT;20
Chauffage – Chaudières – Radiateurs – Réseaux;;CHAU-CHAU-PACK-013;Colonnes montantes chauffage;CHANGEMENT;20
Chauffage – Chaudières – Radiateurs – Réseaux;;CHAU-CHAU-PACK-014;Groupe de sécurité chauffage + équilibrage;CHANGEMENT;20
Chauffage – Chaudières – Radiateurs – Réseaux;;CHAU-CHAU-PACK-015;Réseaux chauffage acier (DN25 à DN80);CHANGEMENT;20
Chauffage – Chaudières – Radiateurs – Réseaux;;CHAU-CHAU-PACK-017;Chaudière gaz accumulation 9–11 kW;CHANGEMENT;20
Chauffage – Chaudières – Radiateurs – Réseaux;;CHAU-CHAU-PACK-018;Chaudière gaz accumulation 14–17 kW;CHANGEMENT;20
Chauffage – Chaudières – Radiateurs – Réseaux;;CHAU-CHAU-PACK-019;Chaudière gaz accumulation 19–21 kW;CHANGEMENT;20
Chauffage – Chaudières – Radiateurs – Réseaux;;CHAU-CHAU-PACK-020;Chaudière gaz accumulation 24 kW;CHANGEMENT;20
Chauffage – Chaudières – Radiateurs – Réseaux;;CHAU-CHAU-PACK-021;Ballon d'eau chaude 100 L;CHANGEMENT;20
Chauffage – Chaudières – Radiateurs – Réseaux;;CHAU-CHAU-PACK-022;Ballon d'eau chaude 150–200 L;CHANGEMENT;20
Chauffage – Chaudières – Radiateurs – Réseaux;;CHAU-CHAU-PACK-023;Ballon d'eau chaude 250 L;CHANGEMENT;20
Chauffage – Chaudières – Radiateurs – Réseaux;;CHAU-CHAU-PACK-024;Ballon d'eau chaude 300 L;CHANGEMENT;20
Chauffage – Chaudières – Radiateurs – Réseaux;;CHAU-CHAU-PACK-026;Chaudière gaz ventouse;CHANGEMENT;20
Chauffage – Chaudières – Radiateurs – Réseaux;;CHAU-CHAU-PACK-027;Chaudière gaz cheminée;CHANGEMENT;20
Chauffage – Chaudières – Radiateurs – Réseaux;;CHAU-CHAU-PACK-028;Chaudière fioul (remplacement);CHANGEMENT;20
Chauffage – Chaudières – Radiateurs – Réseaux;;CHAU-CHAU-PACK-029;Chaudière gaz micro-accumulation;CHANGEMENT;20
Chauffage – Chaudières – Radiateurs – Réseaux;;CHAU-CHAU-PACK-016;Désembouage réseau collectif;ENTRETIEN;20
Chauffage – Chaudières – Radiateurs – Réseaux;;CHAU-CHAU-PACK-006;Plancher chauffant hydraulique;INSTALLATION;20
Chauffage – Chaudières – Radiateurs – Réseaux;;CHAU-CHAU-PACK-009;Ballon tampon chauffage;INSTALLATION;20
Chauffage – Chaudières – Radiateurs – Réseaux;;CHAU-CHAU-PACK-010;Radiateur design / fonte;INSTALLATION;20
Chauffage – Chaudières – Radiateurs – Réseaux;;CHAU-CHAU-PACK-011;Chaudière collective gaz (>70 kW);INSTALLATION;20
Chauffage – Chaudières – Radiateurs – Réseaux;;CHAU-CHAU-PACK-025;Chaudière gaz condensation double service;INSTALLATION;21
Chauffage ENR – PAC – Solaire thermique;;ENR-PAC-PACK-001;PAC Air/Eau Monobloc;CHANGEMENT;20
Chauffage ENR – PAC – Solaire thermique;;ENR-PAC-PACK-002;PAC Air/Eau Bibloc;CHANGEMENT;20
Chauffage ENR – PAC – Solaire thermique;;ENR-PAC-PACK-003;PAC Air/Air Mono-split;CHANGEMENT;20
Chauffage ENR – PAC – Solaire thermique;;ENR-PAC-PACK-004;PAC Air/Air Multi-split;CHANGEMENT;20
Chauffage ENR – PAC – Solaire thermique;;ENR-PAC-PACK-005;PAC Hybride (PAC + Chaudière);CHANGEMENT;20
Chauffage ENR – PAC – Solaire thermique;;ENR-PAC-PACK-007;Ballon thermodynamique 200 L;CHANGEMENT;20
Chauffage ENR – PAC – Solaire thermique;;ENR-PAC-PACK-008;Ballon thermodynamique 270 L;CHANGEMENT;20
Chauffage ENR – PAC – Solaire thermique;;ENR-PAC-PACK-009;Ballon thermo sur air extrait;CHANGEMENT;20
Chauffage ENR – PAC – Solaire thermique;;ENR-PAC-PACK-010;CESI – Chauffe-eau solaire individuel;CHANGEMENT;20
Chauffage ENR – PAC – Solaire thermique;;ENR-PAC-PACK-011;SSC – Système solaire combiné;CHANGEMENT;20
Chauffage ENR – PAC – Solaire thermique;;ENR-PAC-PACK-014;PAC Air/Air gainable;CHANGEMENT;21
Chauffage ENR – PAC – Solaire thermique;;ENR-PAC-PACK-015;Ballon thermodynamique 100 L (air ambiant);CHANGEMENT;20
Chauffage ENR – PAC – Solaire thermique;;ENR-PAC-PACK-016;Ballon thermodynamique 150 L (air ambiant);CHANGEMENT;20
Chauffage ENR – PAC – Solaire thermique;;ENR-PAC-PACK-017;Ballon thermodynamique gainable sur groupe extérieur;CHANGEMENT;20
Chauffage ENR – PAC – Solaire thermique;;ENR-PAC-PACK-018;Ballon thermodynamique (air ambiant – générique);CHANGEMENT;20
Chauffage ENR – PAC – Solaire thermique;;ENR-PAC-PACK-020;Consommables & accessoires ballons thermodynamiques;CHANGEMENT;20
Chauffage ENR – PAC – Solaire thermique;;ENR-PAC-PACK-006;PAC Piscine;INSTALLATION;20
Chauffage ENR – PAC – Solaire thermique;;ENR-PAC-PACK-012;Réseaux solaires thermiques;INSTALLATION;20
Chauffage ENR – PAC – Solaire thermique;;ENR-PAC-PACK-013;Ajout unité intérieure PAC multi-split;INSTALLATION;20
Chauffage ENR – PAC – Solaire thermique;;ENR-PAC-PACK-019;Consommables & accessoires PAC;INSTALLATION;21
Chauffage ENR – PAC – Solaire thermique;;ENR-PAC-PACK-021;Consommables & accessoires solaire thermique;INSTALLATION;21
Climatisation – Ventilation – VMC;;CLIM-VMC-PACK-001;Climatisation mono-split mural;CHANGEMENT;21
Climatisation – Ventilation – VMC;;CLIM-VMC-PACK-002;Climatisation multi-split 2–3 UI;CHANGEMENT;20
Climatisation – Ventilation – VMC;;CLIM-VMC-PACK-003;Climatisation multi-split 4–5 UI;CHANGEMENT;20
Climatisation – Ventilation – VMC;;CLIM-VMC-PACK-005;Climatisation gainable;CHANGEMENT;21
Climatisation – Ventilation – VMC;;CLIM-VMC-PACK-006;Remplacement groupe extérieur clim;CHANGEMENT;20
Climatisation – Ventilation – VMC;;CLIM-VMC-PACK-007;VMC simple flux maison;CHANGEMENT;20
Climatisation – Ventilation – VMC;;CLIM-VMC-PACK-008;VMC hygroréglable;CHANGEMENT;20
Climatisation – Ventilation – VMC;;CLIM-VMC-PACK-009;VMC double flux;CHANGEMENT;20
Climatisation – Ventilation – VMC;;CLIM-VMC-PACK-011;CTA – Centrale de Traitement d'Air (petit tertiaire);CHANGEMENT;20
Climatisation – Ventilation – VMC;;CLIM-VMC-PACK-012;CTA double flux + réseaux;CHANGEMENT;20
Climatisation – Ventilation – VMC;;CLIM-VMC-PACK-013;Extraction parking / CO (remplacement ventilateurs);CHANGEMENT;20
Climatisation – Ventilation – VMC;;CLIM-VMC-PACK-014;Désenfumage naturel / mécanique;CHANGEMENT;20
Climatisation – Ventilation – VMC;;CLIM-VMC-PACK-015;Réseaux gaines spiralées tertiaire;CHANGEMENT;20
Climatisation – Ventilation – VMC;;CLIM-VMC-PACK-016;Extraction cuisine professionnelle;CHANGEMENT;20
Climatisation – Ventilation – VMC;;CLIM-VMC-PACK-017;Système VRV / VRF (2–6 étages);CHANGEMENT;20
Climatisation – Ventilation – VMC;;CLIM-VMC-PACK-018;Ajout unité intérieure VRV / VRF;CHANGEMENT;20
Climatisation – Ventilation – VMC;;CLIM-VMC-PACK-020;Renouvellement VMC immeuble;CHANGEMENT;20
Climatisation – Ventilation – VMC;;CLIM-VMC-PACK-019;Entretien VMC collectif;ENTRETIEN;20
Climatisation – Ventilation – VMC;;CLIM-VMC-PACK-004;Ajout unité intérieure sur multi-split;INSTALLATION;20
Climatisation – Ventilation – VMC;;CLIM-VMC-PACK-010;Extraction mécanique local / sanitaire;INSTALLATION;20
Couverture – Toiture – Zinguerie;;COUV-PACK-001;Réfection complète toiture tuiles mécaniques;CHANGEMENT;20
Couverture – Toiture – Zinguerie;;COUV-PACK-002;Réfection toiture tuiles plates;CHANGEMENT;21
Couverture – Toiture – Zinguerie;;COUV-PACK-003;Réfection toiture ardoises naturelles;CHANGEMENT;20
Couverture – Toiture – Zinguerie;;COUV-PACK-004;Toiture bac acier isolé ou non isolé;CHANGEMENT;20
Couverture – Toiture – Zinguerie;;COUV-PACK-005;Réfection toiture tuile canal / romane;CHANGEMENT;20
Couverture – Toiture – Zinguerie;;COUV-PACK-006;Pose fenêtre de toit Velux;CHANGEMENT;20
Couverture – Toiture – Zinguerie;;COUV-PACK-007;Zinguerie complète zinc naturel;CHANGEMENT;20
Couverture – Toiture – Zinguerie;;COUV-PACK-008;Chéneau encaissé et noue zinc;CHANGEMENT;20
Couverture – Toiture – Zinguerie;;COUV-PACK-009;Gouttières zinc / PVC / aluminium;CHANGEMENT;21
Couverture – Toiture – Zinguerie;;COUV-PACK-010;Étanchéité bitume toiture terrasse;CHANGEMENT;20
Couverture – Toiture – Zinguerie;;COUV-PACK-011;Étanchéité EPDM;CHANGEMENT;20
Couverture – Toiture – Zinguerie;;COUV-PACK-012;Étanchéité PVC/TPO;CHANGEMENT;20
Couverture – Toiture – Zinguerie;;COUV-PACK-013;Toiture zinc à joint debout;CHANGEMENT;21
Couverture – Toiture – Zinguerie;;COUV-PACK-014;Toiture cuivre à joint debout;CHANGEMENT;20
Couverture – Toiture – Zinguerie;;COUV-PACK-015;Toiture tuile plate prestige;CHANGEMENT;20
Couverture – Toiture – Zinguerie;;COUV-PACK-016;Bardage toiture zinc tôle plane;CHANGEMENT;20
Couverture – Toiture – Zinguerie;;COUV-PACK-017;Toiture tuile plate 13/m²;CHANGEMENT;21
Couverture – Toiture – Zinguerie;;COUV-PACK-018;Toiture tuile plate 10/m²;CHANGEMENT;20
Couverture – Toiture – Zinguerie;;COUV-PACK-019;Tuile plate 64/m² – Très couvrante;CHANGEMENT;20
Couverture – Toiture – Zinguerie;;COUV-PACK-020;Toiture tuiles ancienne récupération;CHANGEMENT;20
Couverture – Toiture – Zinguerie;;COUV-PACK-021;Toiture tuiles losange;CHANGEMENT;20
Couverture – Toiture – Zinguerie;;COUV-PACK-022;Surélévation + reprise complète toiture;CHANGEMENT;20
Couverture – Toiture – Zinguerie;;COUV-PACK-026;Gouttières zinc;CHANGEMENT;20
Couverture – Toiture – Zinguerie;;COUV-PACK-027;Gouttières PVC;CHANGEMENT;20
Couverture – Toiture – Zinguerie;;COUV-PACK-028;Gouttières aluminium laqué;CHANGEMENT;19
Couverture – Toiture – Zinguerie;;COUV-PACK-029;Gouttières aluminium boîte;CHANGEMENT;20
Couverture – Toiture – Zinguerie;;COUV-PACK-030;Descente EP zinc;CHANGEMENT;20
Couverture – Toiture – Zinguerie;;COUV-PACK-031;Descente EP PVC;CHANGEMENT;20
Couverture – Toiture – Zinguerie;;COUV-PACK-032;Descente EP aluminium;CHANGEMENT;21
Couverture – Toiture – Zinguerie;;COUV-PACK-033;Boîtes de récupération EP;CHANGEMENT;20
Couverture – Toiture – Zinguerie;;COUV-PACK-034;Noue zinc / aluminium;CHANGEMENT;20
Couverture – Toiture – Zinguerie;;COUV-PACK-035;Arêtier toiture;CHANGEMENT;20
Couverture – Toiture – Zinguerie;;COUV-PACK-036;Rives toiture (tuiles / zinc / ardoise);CHANGEMENT;20
Couverture – Toiture – Zinguerie;;COUV-PACK-037;Solins zinc / alu / plomb;CHANGEMENT;20
Couverture – Toiture – Zinguerie;;COUV-PACK-038;Chéneau encaissé;CHANGEMENT;20
Couverture – Toiture – Zinguerie;;COUV-PACK-039;Protections EP (crapaudines, grilles anti-feuilles);CHANGEMENT;20
Couverture – Toiture – Zinguerie;;COUV-PACK-040;Chatières, douilles, lanternes;CHANGEMENT;20
Couverture – Toiture – Zinguerie;;COUV-PACK-041;Remplacement fenêtre de toit (Velux);CHANGEMENT;20
Couverture – Toiture – Zinguerie;;COUV-PACK-042;Réfection complète sous-toiture;CHANGEMENT;20
Couverture – Toiture – Zinguerie;;COUV-PACK-043;Réfection noue chien-assis;CHANGEMENT;20
Couverture – Toiture – Zinguerie;;COUV-PACK-045;Toitures spéciales (shingle, bac acier, fibrociment, chaume);CHANGEMENT;20
Couverture – Toiture – Zinguerie;;COUV-PACK-046;Isolation toiture terrasse polyuréthane (RE 2020);CHANGEMENT;20
Couverture – Toiture – Zinguerie;;COUV-PACK-047;Isolation toiture sarking (multi-épaisseurs);CHANGEMENT;20
Couverture – Toiture – Zinguerie;;COUV-PACK-048;Toiture bardeaux bitume (shingle);CHANGEMENT;20
Couverture – Toiture – Zinguerie;;COUV-PACK-049;Toiture fibrociment non amiante;CHANGEMENT;20
Couverture – Toiture – Zinguerie;;COUV-PACK-050;Remplacement toiture fibrociment amiante → non amiante;CHANGEMENT;20
Couverture – Toiture – Zinguerie;;COUV-PACK-044;Abattement cheminée (1m à 2,5m);DEMOLITION;20
Couverture – Toiture – Zinguerie;;COUV-PACK-023;Nettoyage toiture + antimousse;ENTRETIEN;20
Couverture – Toiture – Zinguerie;;COUV-PACK-024;Nettoyage + antimousse + hydrofuge incolore;ENTRETIEN;20
Couverture – Toiture – Zinguerie;;COUV-PACK-025;Nettoyage + antimousse + hydrofuge coloré;ENTRETIEN;20
Cuisine – Agencement sur mesure;;CUIS-PACK-002;Pose cuisine linéaire simple;CHANGEMENT;20
Cuisine – Agencement sur mesure;;CUIS-PACK-003;Pose cuisine en L;CHANGEMENT;20
Cuisine – Agencement sur mesure;;CUIS-PACK-004;Pose cuisine en U;CHANGEMENT;20
Cuisine – Agencement sur mesure;;CUIS-PACK-005;Cuisine sur-mesure haut de gamme;CHANGEMENT;20
Cuisine – Agencement sur mesure;;CUIS-PACK-006;Plan de travail stratifié;CHANGEMENT;20
Cuisine – Agencement sur mesure;;CUIS-PACK-007;Plan de travail quartz / granit;CHANGEMENT;20
Cuisine – Agencement sur mesure;;CUIS-PACK-008;Plan de travail compact HPL;CHANGEMENT;20
Cuisine – Agencement sur mesure;;CUIS-PACK-009;Encastrés électroménagers;CHANGEMENT;20
Cuisine – Agencement sur mesure;;CUIS-PACK-010;Hotte murale / îlot;CHANGEMENT;20
Cuisine – Agencement sur mesure;;CUIS-PACK-011;Crédence cuisine;CHANGEMENT;20
Cuisine – Agencement sur mesure;;CUIS-PACK-012;Faïence cuisine;CHANGEMENT;20
Cuisine – Agencement sur mesure;;CUIS-PACK-013;Modification plomberie cuisine;CHANGEMENT;20
Cuisine – Agencement sur mesure;;CUIS-PACK-014;Éclairage cuisine complet;CHANGEMENT;20
Cuisine – Agencement sur mesure;;CUIS-PACK-015;Pose îlot central;CHANGEMENT;21
Cuisine – Agencement sur mesure;;CUIS-PACK-016;Rénovation légère cuisine;CHANGEMENT;20
Cuisine – Agencement sur mesure;;CUIS-PACK-018;Évier + robinet;CHANGEMENT;21
Cuisine – Agencement sur mesure;;CUIS-PACK-019;Colonne four + MO;CHANGEMENT;21
Cuisine – Agencement sur mesure;;CUIS-PACK-020;Cuisine PMR;CHANGEMENT;20
Cuisine – Agencement sur mesure;;CUIS-PACK-001;Dépose complète cuisine existante;DEMOLITION;21
Cuisine – Agencement sur mesure;;CUIS-PACK-017;Réglages cuisine;FINITIONS;20
Démolition – Curage – Dépose;;DEM-CUR-PACK-001;Dépose complète cuisine;DEMOLITION;21
Démolition – Curage – Dépose;;DEM-CUR-PACK-002;Dépose salle de bain;DEMOLITION;21
Démolition – Curage – Dépose;;DEM-CUR-PACK-003;Dépose cloison intérieure;DEMOLITION;20
Démolition – Curage – Dépose;;DEM-CUR-PACK-004;Ouverture mur porteur + IPN (pose seule);DEMOLITION;20
Démolition – Curage – Dépose;;DEM-CUR-PACK-005;Dépose carrelage existant;DEMOLITION;20
Démolition – Curage – Dépose;;DEM-CUR-PACK-006;Dépose revêtement de sol;DEMOLITION;20
Démolition – Curage – Dépose;;DEM-CUR-PACK-007;Dépose cheminée ancienne;DEMOLITION;20
Démolition – Curage – Dépose;;DEM-CUR-PACK-008;Dépose menuiserie extérieure;DEMOLITION;20
Démolition – Curage – Dépose;;DEM-CUR-PACK-009;Curage complet intérieur;DEMOLITION;21
Démolition – Curage – Dépose;;DEM-CUR-PACK-010;Dépose couverture existante;DEMOLITION;20
Démolition – Curage – Dépose;;DEM-CUR-PACK-011;Démolition maison individuelle;DEMOLITION;20
Démolition – Curage – Dépose;;DEM-CUR-PACK-012;Démolition garage ou dépendance;DEMOLITION;20
Démolition – Curage – Dépose;;DEM-CUR-PACK-013;Démolition dalle + semelles;DEMOLITION;20
Démolition – Curage – Dépose;;DEM-CUR-PACK-014;Démolition mur extérieur;DEMOLITION;20
Démolition – Curage – Dépose;;DEM-CUR-PACK-015;Démolition piscine béton;DEMOLITION;20
Démolition – Curage – Dépose;;DEM-CUR-PACK-016;Démolition + remblai compacté;DEMOLITION;20
Dépannage & Interventions rapides;Canalisation / Débouchage;DEP-CAN-PACK-001;Débouchage évier cuisine manuel;;8
Dépannage & Interventions rapides;Canalisation / Débouchage;DEP-CAN-PACK-002;Débouchage évier cuisine machine;;8
Dépannage & Interventions rapides;Canalisation / Débouchage;DEP-CAN-PACK-003;Débouchage canalisation salle de bain;;8
Dépannage & Interventions rapides;Canalisation / Débouchage;DEP-CAN-PACK-004;Débouchage receveur manuel;;8
Dépannage & Interventions rapides;Canalisation / Débouchage;DEP-CAN-PACK-005;Débouchage receveur machine;;8
Dépannage & Interventions rapides;Canalisation / Débouchage;DEP-CAN-PACK-006;Débouchage baignoire;;8
Dépannage & Interventions rapides;Canalisation / Débouchage;DEP-CAN-PACK-007;Débouchage WC manuel;;8
Dépannage & Interventions rapides;Canalisation / Débouchage;DEP-CAN-PACK-008;Débouchage WC machine;;8
Dépannage & Interventions rapides;Canalisation / Débouchage;DEP-CAN-PACK-009;Extraction objet WC;;8
Dépannage & Interventions rapides;Canalisation / Débouchage;DEP-CAN-PACK-010;Débouchage colonne cuisine;;8
Dépannage & Interventions rapides;Canalisation / Débouchage;DEP-CAN-PACK-011;Débouchage colonne secondaire;;8
Dépannage & Interventions rapides;Canalisation / Débouchage;DEP-CAN-PACK-012;Débouchage réseau général;;8
Dépannage & Interventions rapides;Canalisation / Débouchage;DEP-CAN-PACK-013;Recherche odeur égout;;8
Dépannage & Interventions rapides;Canalisation / Débouchage;DEP-CAN-PACK-014;Réparation fuite canalisation PVC;;8
Dépannage & Interventions rapides;Canalisation / Débouchage;DEP-CAN-PACK-015;Reprise étanchéité siphon;;8
Dépannage & Interventions rapides;Canalisation / Débouchage;DEP-CAN-PACK-016;Inspection caméra domestique;;8
Dépannage & Interventions rapides;Canalisation / Débouchage;DEP-CAN-PACK-017;Débouchage hydrocureur léger;;8
Dépannage & Interventions rapides;Canalisation / Débouchage;DEP-CAN-PACK-018;Obstruction réseau évacuation;;8
Dépannage & Interventions rapides;Canalisation / Débouchage;DEP-CAN-PACK-019;Vérification ventilation évacuation;;8
Dépannage & Interventions rapides;Canalisation / Débouchage;DEP-CAN-PACK-020;Diagnostic réseau canalisation complet;;8
Dépannage & Interventions rapides;Chauffage / Chaudière / PAC;DEP-CHA-PACK-001;Panne générale chaudière sans chauffage;;8
Dépannage & Interventions rapides;Chauffage / Chaudière / PAC;DEP-CHA-PACK-002;Panne d'eau chaude sanitaire seule;;8
Dépannage & Interventions rapides;Chauffage / Chaudière / PAC;DEP-CHA-PACK-003;Perte de pression circuit chauffage;;8
Dépannage & Interventions rapides;Chauffage / Chaudière / PAC;DEP-CHA-PACK-004;Vase d'expansion défaillant;;8
Dépannage & Interventions rapides;Chauffage / Chaudière / PAC;DEP-CHA-PACK-005;Fuite sur corps de chauffe ou organes visibles;;8
Dépannage & Interventions rapides;Chauffage / Chaudière / PAC;DEP-CHA-PACK-006;Panne d'allumage chaudière gaz;;8
Dépannage & Interventions rapides;Chauffage / Chaudière / PAC;DEP-CHA-PACK-007;Mise en sécurité répétée chaudière;;8
Dépannage & Interventions rapides;Chauffage / Chaudière / PAC;DEP-CHA-PACK-008;Bruit anormal chaudière ou brûleur;;8
Dépannage & Interventions rapides;Chauffage / Chaudière / PAC;DEP-CHA-PACK-009;Radiateurs froids ou partiellement chauffés;;8
Dépannage & Interventions rapides;Chauffage / Chaudière / PAC;DEP-CHA-PACK-010;Circulateur chauffage bloqué ou HS;;8
Dépannage & Interventions rapides;Chauffage / Chaudière / PAC;DEP-CHA-PACK-011;Vannes thermostatiques bloquées;;8
Dépannage & Interventions rapides;Chauffage / Chaudière / PAC;DEP-CHA-PACK-012;Vanne 3 voies bloquée ou défaillante;;8
Dépannage & Interventions rapides;Chauffage / Chaudière / PAC;DEP-CHA-PACK-013;Problème de régulation ou thermostat;;8
Dépannage & Interventions rapides;Chauffage / Chaudière / PAC;DEP-CHA-PACK-014;Ballon d'eau chaude couplé chaudière – panne;;8
Dépannage & Interventions rapides;Chauffage / Chaudière / PAC;DEP-CHA-PACK-015;Échangeur à plaques entartré ou bouché;;8
Dépannage & Interventions rapides;Chauffage / Chaudière / PAC;DEP-CHA-PACK-016;PAC Air/Eau en défaut – chauffage;;8
Dépannage & Interventions rapides;Chauffage / Chaudière / PAC;DEP-CHA-PACK-017;PAC Air/Eau en défaut – ECS;;8
Dépannage & Interventions rapides;Chauffage / Chaudière / PAC;DEP-CHA-PACK-018;PAC bruyante ou vibrations anormales;;8
Dépannage & Interventions rapides;Chauffage / Chaudière / PAC;DEP-CHA-PACK-019;Contrôle sécurité fumées / évacuation;;8
Dépannage & Interventions rapides;Chauffage / Chaudière / PAC;DEP-CHA-PACK-020;Contrôle complet chaudière avant devis de remplacement;;8
Dépannage & Interventions rapides;Climatisation – VMC;DEP-CLI-PACK-001;Climatisation en panne totale;;8
Dépannage & Interventions rapides;Climatisation – VMC;DEP-CLI-PACK-002;Clim ne produit plus de froid;;8
Dépannage & Interventions rapides;Climatisation – VMC;DEP-CLI-PACK-003;Clim ne chauffe plus;;8
Dépannage & Interventions rapides;Climatisation – VMC;DEP-CLI-PACK-004;Dépannage code erreur clim;;8
Dépannage & Interventions rapides;Climatisation – VMC;DEP-CLI-PACK-005;Fuite d'eau sous unité intérieure;;8
Dépannage & Interventions rapides;Climatisation – VMC;DEP-CLI-PACK-006;Fuite d'eau unité extérieure;;8
Dépannage & Interventions rapides;Climatisation – VMC;DEP-CLI-PACK-007;Bruit anormal clim (UI);;8
Dépannage & Interventions rapides;Climatisation – VMC;DEP-CLI-PACK-008;Bruit anormal clim (UE);;8
Dépannage & Interventions rapides;Climatisation – VMC;DEP-CLI-PACK-009;Nettoyage clim – mauvaises odeurs;;8
Dépannage & Interventions rapides;Climatisation – VMC;DEP-CLI-PACK-010;Clim souffle sans régulation;;8
Dépannage & Interventions rapides;Climatisation – VMC;DEP-CLI-PACK-011;Panne alimentation clim;;8
Dépannage & Interventions rapides;Climatisation – VMC;DEP-CLI-PACK-012;Diagnostic carte électronique clim;;8
Dépannage & Interventions rapides;Climatisation – VMC;DEP-CLI-PACK-013;Givre sur unité intérieure;;8
Dépannage & Interventions rapides;Climatisation – VMC;DEP-CLI-PACK-014;UE givrée en mode chauffage;;8
Dépannage & Interventions rapides;Climatisation – VMC;DEP-CLI-PACK-015;VMC simple flux en panne;;8
Dépannage & Interventions rapides;Climatisation – VMC;DEP-CLI-PACK-016;VMC double flux – défaut soufflage;;8
Dépannage & Interventions rapides;Climatisation – VMC;DEP-CLI-PACK-017;Clim gainable – zone sans soufflage;;8
Dépannage & Interventions rapides;Climatisation – VMC;DEP-CLI-PACK-018;Nettoyage bouches d'extraction / soufflage;;8
Dépannage & Interventions rapides;Climatisation – VMC;DEP-CLI-PACK-019;Sécurisation support unité extérieure;;8
Dépannage & Interventions rapides;Climatisation – VMC;DEP-CLI-PACK-020;Diagnostic complet avant remplacement;;8
Dépannage & Interventions rapides;Domotique – Réseaux;DEP-DOM-PACK-001;Box domotique HS;;8
Dépannage & Interventions rapides;Domotique – Réseaux;DEP-DOM-PACK-002;Perte réseau domotique;;8
Dépannage & Interventions rapides;Domotique – Réseaux;DEP-DOM-PACK-003;Appareil connecté non détecté;;8
Dépannage & Interventions rapides;Domotique – Réseaux;DEP-DOM-PACK-004;Scénarios domotiques défaillants;;8
Dépannage & Interventions rapides;Domotique – Réseaux;DEP-DOM-PACK-005;Capteur ouverture / mouvement HS;;8
Dépannage & Interventions rapides;Domotique – Réseaux;DEP-DOM-PACK-006;Interrupteur connecté défaillant;;8
Dépannage & Interventions rapides;Domotique – Réseaux;DEP-DOM-PACK-007;Volet roulant automatisé bloqué;;8
Dépannage & Interventions rapides;Domotique – Réseaux;DEP-DOM-PACK-008;Portail automatique en panne;;8
Dépannage & Interventions rapides;Domotique – Réseaux;DEP-DOM-PACK-009;Alarme en défaut;;8
Dépannage & Interventions rapides;Domotique – Réseaux;DEP-DOM-PACK-010;Caméra Wi-Fi hors ligne;;8
Dépannage & Interventions rapides;Domotique – Réseaux;DEP-DOM-PACK-011;Faible débit Internet pièces éloignées;;8
Dépannage & Interventions rapides;Domotique – Réseaux;DEP-DOM-PACK-012;Prise RJ45 / câble défectueux;;8
Dépannage & Interventions rapides;Domotique – Réseaux;DEP-DOM-PACK-013;Switch ou routeur en panne;;8
Dépannage & Interventions rapides;Domotique – Réseaux;DEP-DOM-PACK-014;Panne réseau fibre domestique;;8
Dépannage & Interventions rapides;Domotique – Réseaux;DEP-DOM-PACK-015;Faible portée réseau domotique;;8
Dépannage & Interventions rapides;Domotique – Réseaux;DEP-DOM-PACK-016;NAS hors ligne;;8
Dépannage & Interventions rapides;Domotique – Réseaux;DEP-DOM-PACK-017;Surtension équipement domotique;;8
Dépannage & Interventions rapides;Domotique – Réseaux;DEP-DOM-PACK-018;Thermostat connecté défaillant;;8
Dépannage & Interventions rapides;Domotique – Réseaux;DEP-DOM-PACK-019;Problème synchronisation multimédia;;8
Dépannage & Interventions rapides;Domotique – Réseaux;DEP-DOM-PACK-020;Diagnostic système domotique complet;;8
Dépannage & Interventions rapides;Électricité;DEP-ELEC-PACK-001;Diagnostic panne électrique générale;;8
Dépannage & Interventions rapides;Électricité;DEP-ELEC-PACK-002;Remplacement disjoncteur divisionnaire;;8
Dépannage & Interventions rapides;Électricité;DEP-ELEC-PACK-003;Remplacement différentiel;;8
Dépannage & Interventions rapides;Électricité;DEP-ELEC-PACK-004;Intervention court-circuit / odeur brûlé;;8
Dépannage & Interventions rapides;Électricité;DEP-ELEC-PACK-005;Prise ou interrupteur brûlé;;8
Dépannage & Interventions rapides;Électricité;DEP-ELEC-PACK-006;Panne éclairage / luminaire;;8
Dépannage & Interventions rapides;Électricité;DEP-ELEC-PACK-007;Remplacement luminaire;;8
Dépannage & Interventions rapides;Électricité;DEP-ELEC-PACK-008;Dépannage volet roulant électrique;;8
Dépannage & Interventions rapides;Électricité;DEP-ELEC-PACK-009;Remplacement moteur volet roulant;;8
Dépannage & Interventions rapides;Électricité;DEP-ELEC-PACK-010;Réparation circuit prise;;8
Dépannage & Interventions rapides;Électricité;DEP-ELEC-PACK-011;Ajout prise en urgence;;8
Dépannage & Interventions rapides;Électricité;DEP-ELEC-PACK-012;Dépannage chauffage électrique;;8
Dépannage & Interventions rapides;Électricité;DEP-ELEC-PACK-013;Remise en sécurité tableau ancien;;8
Dépannage & Interventions rapides;Électricité;DEP-ELEC-PACK-014;Mise en sécurité installation;;8
Dépannage & Interventions rapides;Électricité;DEP-ELEC-PACK-015;Dépannage chauffe-eau électrique;;8
Dépannage & Interventions rapides;Électricité;DEP-ELEC-PACK-016;Remplacement contacteur J/N;;8
Dépannage & Interventions rapides;Électricité;DEP-ELEC-PACK-017;Dépannage interphone;;8
Dépannage & Interventions rapides;Électricité;DEP-ELEC-PACK-018;Remplacement ligne brûlée;;8
Dépannage & Interventions rapides;Électricité;DEP-ELEC-PACK-019;Recherche de fuite électrique;;8
Dépannage & Interventions rapides;Électricité;DEP-ELEC-PACK-020;Dépannage tableau complet;;8
Dépannage & Interventions rapides;Électricité;DEP-ELEC-PACK-021;Court-circuit localisé;;8
Dépannage & Interventions rapides;Électricité;DEP-ELEC-PACK-022;Court-circuit éclairage;;8
Dépannage & Interventions rapides;Électricité;DEP-ELEC-PACK-023;Court-circuit prise murale;;8
Dépannage & Interventions rapides;Électricité;DEP-ELEC-PACK-024;Court-circuit par infiltration d'eau;;8
Dépannage & Interventions rapides;Électricité;DEP-ELEC-PACK-025;Déclenchement répété disjoncteur;;8
Dépannage & Interventions rapides;Électricité;DEP-ELEC-PACK-026;Surtension installation;;8
Dépannage & Interventions rapides;Électricité;DEP-ELEC-PACK-027;Surchauffe prise murale;;8
Dépannage & Interventions rapides;Électricité;DEP-ELEC-PACK-028;Câble fondu / boîte dérivation;;8
Dépannage & Interventions rapides;Électricité;DEP-ELEC-PACK-029;Odeur de brûlé électriques;;8
Dépannage & Interventions rapides;Électricité;DEP-ELEC-PACK-030;Défaillance ligne dédiée électroménager;;8
Dépannage & Interventions rapides;Électricité;DEP-ELEC-PACK-031;Remplacement disjoncteur;;8
Dépannage & Interventions rapides;Électricité;DEP-ELEC-PACK-032;Remplacement différentiel 30mA;;8
Dépannage & Interventions rapides;Électricité;DEP-ELEC-PACK-033;Peigne tableau brûlé;;8
Dépannage & Interventions rapides;Électricité;DEP-ELEC-PACK-034;Déclenchement disjoncteur général EDF;;8
Dépannage & Interventions rapides;Électricité;DEP-ELEC-PACK-035;Surchauffe tableau électrique;;8
Dépannage & Interventions rapides;Électricité;DEP-ELEC-PACK-036;Réfection rangée tableau brûlée;;8
Dépannage & Interventions rapides;Électricité;DEP-ELEC-PACK-037;Serrage complet tableau;;8
Dépannage & Interventions rapides;Électricité;DEP-ELEC-PACK-038;Mise hors tension sécurisée;;8
Dépannage & Interventions rapides;Électricité;DEP-ELEC-PACK-039;Condensateur tableau ancien;;8
Dépannage & Interventions rapides;Électricité;DEP-ELEC-PACK-040;Reprise câblage ancien tableau;;8
Dépannage & Interventions rapides;Électricité;DEP-ELEC-PACK-041;Circuit éclairage coupé;;8
Dépannage & Interventions rapides;Électricité;DEP-ELEC-PACK-042;Fuite de courant luminaire;;8
Dépannage & Interventions rapides;Électricité;DEP-ELEC-PACK-043;Transformateur LED grillé;;8
Dépannage & Interventions rapides;Électricité;DEP-ELEC-PACK-044;Court-circuit spot SDB;;8
Dépannage & Interventions rapides;Électricité;DEP-ELEC-PACK-045;Défaut terre SDB;;8
Dépannage & Interventions rapides;Électricité;DEP-ELEC-PACK-046;Panne éclairage extérieur;;8
Dépannage & Interventions rapides;Électricité;DEP-ELEC-PACK-047;Court-circuit va-et-vient;;8
Dépannage & Interventions rapides;Électricité;DEP-ELEC-PACK-048;Boîte dérivation brûlée;;8
Dépannage & Interventions rapides;Électricité;DEP-ELEC-PACK-049;Détecteur mouvement HS;;8
Dépannage & Interventions rapides;Électricité;DEP-ELEC-PACK-050;Circuit cave/garage humidité;;8
Dépannage & Interventions rapides;Électricité;DEP-ELEC-PACK-051;Prise fondue;;8
Dépannage & Interventions rapides;Électricité;DEP-ELEC-PACK-052;Fuite courant prise extérieure;;8
Dépannage & Interventions rapides;Électricité;DEP-ELEC-PACK-053;Prise arrachée;;8
Dépannage & Interventions rapides;Électricité;DEP-ELEC-PACK-054;Surcharge prises cuisine;;8
Dépannage & Interventions rapides;Électricité;DEP-ELEC-PACK-055;Ligne frigo HS;;8
Dépannage & Interventions rapides;Électricité;DEP-ELEC-PACK-056;Multiprise / surcharge brûlée;;8
Dépannage & Interventions rapides;Électricité;DEP-ELEC-PACK-057;Ligne internet / RJ45 HS;;8
Dépannage & Interventions rapides;Électricité;DEP-ELEC-PACK-058;Prise triphasée HS;;8
Dépannage & Interventions rapides;Électricité;DEP-ELEC-PACK-059;Court-circuit machine à laver;;8
Dépannage & Interventions rapides;Électricité;DEP-ELEC-PACK-060;Remise en sécurité installation;;8
Dépannage & Interventions rapides;Plomberie;DEP-PLO-PACK-001;Détection fuite d'eau;;8
Dépannage & Interventions rapides;Plomberie;DEP-PLO-PACK-002;Débouchage WC manuel;;8
Dépannage & Interventions rapides;Plomberie;DEP-PLO-PACK-003;Débouchage WC machine électrique;;8
Dépannage & Interventions rapides;Plomberie;DEP-PLO-PACK-004;Extraction objet WC;;8
Dépannage & Interventions rapides;Plomberie;DEP-PLO-PACK-005;Fuite réservoir WC;;8
Dépannage & Interventions rapides;Plomberie;DEP-PLO-PACK-006;Fuite WC au sol;;8
Dépannage & Interventions rapides;Plomberie;DEP-PLO-PACK-007;Remplacement mécanisme WC;;8
Dépannage & Interventions rapides;Plomberie;DEP-PLO-PACK-008;Remplacement flotteur WC;;8
Dépannage & Interventions rapides;Plomberie;DEP-PLO-PACK-009;Réglage chasse d'eau;;8
Dépannage & Interventions rapides;Plomberie;DEP-PLO-PACK-010;Remplacement robinet d'arrêt WC;;8
Dépannage & Interventions rapides;Plomberie;DEP-PLO-PACK-011;Remplacement flexible WC;;8
Dépannage & Interventions rapides;Plomberie;DEP-PLO-PACK-012;Remplacement abattant WC;;8
Dépannage & Interventions rapides;Plomberie;DEP-PLO-PACK-013;Réparation bâti-support;;8
Dépannage & Interventions rapides;Plomberie;DEP-PLO-PACK-014;Remplacement mécanisme WC encastré;;8
Dépannage & Interventions rapides;Plomberie;DEP-PLO-PACK-015;Dépose / repose WC complet;;8
Dépannage & Interventions rapides;Plomberie;DEP-PLO-PACK-016;Remplacement joint pipe WC;;8
Dépannage & Interventions rapides;Plomberie;DEP-PLO-PACK-017;Refixation WC au sol;;8
Dépannage & Interventions rapides;Plomberie;DEP-PLO-PACK-018;Réparation fuite raccord WC;;8
Dépannage & Interventions rapides;Plomberie;DEP-PLO-PACK-019;Remplacement cuvette WC;;8
Dépannage & Interventions rapides;Plomberie;DEP-PLO-PACK-020;Remplacement WC complet;;8
Dépannage & Interventions rapides;Plomberie;DEP-PLO-PACK-021;Remplacement siphon lavabo;;8
Dépannage & Interventions rapides;Plomberie;DEP-PLO-PACK-022;Débouchage siphon lavabo;;8
Dépannage & Interventions rapides;Plomberie;DEP-PLO-PACK-023;Réparation fuite sous lavabo;;8
Dépannage & Interventions rapides;Plomberie;DEP-PLO-PACK-024;Remplacement robinet lavabo;;8
Dépannage & Interventions rapides;Plomberie;DEP-PLO-PACK-025;Remplacement cartouche mitigeur;;8
Dépannage & Interventions rapides;Plomberie;DEP-PLO-PACK-026;Remplacement vidage lavabo;;8
Dépannage & Interventions rapides;Plomberie;DEP-PLO-PACK-027;Nettoyage complet évacuation lavabo;;8
Dépannage & Interventions rapides;Plomberie;DEP-PLO-PACK-028;Remplacement flexibles eau;;8
Dépannage & Interventions rapides;Plomberie;DEP-PLO-PACK-029;Refixation vasque ou meuble;;8
Dépannage & Interventions rapides;Plomberie;DEP-PLO-PACK-030;Remplacement trop-plein;;8
Dépannage & Interventions rapides;Plomberie;DEP-PLO-PACK-031;Réparation nourrice lavabo;;8
Dépannage & Interventions rapides;Plomberie;DEP-PLO-PACK-036;Débouchage receveur de douche;;8
Dépannage & Interventions rapides;Plomberie;DEP-PLO-PACK-037;Remplacement bonde de douche;;8
Dépannage & Interventions rapides;Plomberie;DEP-PLO-PACK-038;Remplacement siphon de douche;;8
Dépannage & Interventions rapides;Plomberie;DEP-PLO-PACK-039;Réparation fuite colonne de douche;;8
Dépannage & Interventions rapides;Plomberie;DEP-PLO-PACK-040;Remplacement flexible de douche;;8
Dépannage & Interventions rapides;Plomberie;DEP-PLO-PACK-041;Remplacement pommeau ou barre;;8
Dépannage & Interventions rapides;Plomberie;DEP-PLO-PACK-042;Remplacement mitigeur baignoire;;8
Dépannage & Interventions rapides;Plomberie;DEP-PLO-PACK-043;Remplacement cartouche mitigeur baignoire;;8
Dépannage & Interventions rapides;Plomberie;DEP-PLO-PACK-044;Débouchage baignoire;;8
Dépannage & Interventions rapides;Plomberie;DEP-PLO-PACK-045;Remplacement vidage baignoire;;8
Dépannage & Interventions rapides;Plomberie;DEP-PLO-PACK-046;Réparation fuite sous baignoire;;8
Dépannage & Interventions rapides;Plomberie;DEP-PLO-PACK-047;Dépose et repose habillage baignoire;;8
Dépannage & Interventions rapides;Plomberie;DEP-PLO-PACK-048;Remplacement paroi de baignoire;;8
Dépannage & Interventions rapides;Plomberie;DEP-PLO-PACK-049;Remplacement colonne encastrée;;8
Dépannage & Interventions rapides;Plomberie;DEP-PLO-PACK-050;Réparation fuite douche italienne;;8
Dépannage & Interventions rapides;Plomberie;DEP-PLO-PACK-051;Débouchage évier cuisine;;8
Dépannage & Interventions rapides;Plomberie;DEP-PLO-PACK-052;Remplacement siphon évier;;8
Dépannage & Interventions rapides;Plomberie;DEP-PLO-PACK-053;Remplacement mitigeur évier;;8
Dépannage & Interventions rapides;Plomberie;DEP-PLO-PACK-054;Remplacement cartouche évier;;8
Dépannage & Interventions rapides;Plomberie;DEP-PLO-PACK-055;Réparation fuite évier;;8
Dépannage & Interventions rapides;Plomberie;DEP-PLO-PACK-056;Déplacement alimentation évier;;8
Dépannage & Interventions rapides;Plomberie;DEP-PLO-PACK-057;Remplacement vidage évier;;8
Dépannage & Interventions rapides;Plomberie;DEP-PLO-PACK-058;Reprise étanchéité évier;;8
Dépannage & Interventions rapides;Plomberie;DEP-PLO-PACK-059;Nettoyage colonne cuisine;;8
Dépannage & Interventions rapides;Plomberie;DEP-PLO-PACK-060;Remplacement flexibles cuisine;;8
Dépannage & Interventions rapides;Plomberie;DEP-PLO-PACK-061;Remplacement groupe de sécurité;;8
Dépannage & Interventions rapides;Plomberie;DEP-PLO-PACK-062;Réparation fuite groupe de sécurité;;8
Dépannage & Interventions rapides;Plomberie;DEP-PLO-PACK-063;Vidange chauffe-eau;;8
Dépannage & Interventions rapides;Plomberie;DEP-PLO-PACK-064;Diagnostic chauffe-eau;;8
Dépannage & Interventions rapides;Plomberie;DEP-PLO-PACK-065;Remplacement résistance chauffe-eau;;8
Dépannage & Interventions rapides;Plomberie;DEP-PLO-PACK-066;Remplacement thermostat chauffe-eau;;8
Dépannage & Interventions rapides;Plomberie;DEP-PLO-PACK-067;Reprise étanchéité ballon ECS;;8
Dépannage & Interventions rapides;Plomberie;DEP-PLO-PACK-068;Remplacement réducteur de pression;;8
Dépannage & Interventions rapides;Plomberie;DEP-PLO-PACK-069;Remplacement anti-bélier / clapet;;8
Dépannage & Interventions rapides;Plomberie;DEP-PLO-PACK-070;Reprise fuite PER / Multicouche;;8
Dépannage & Interventions rapides;Serrurerie;DEP-SER-PACK-001;Ouverture de porte claquée simple;;8
Dépannage & Interventions rapides;Serrurerie;DEP-SER-PACK-002;Ouverture de porte claquée de nuit ou urgent;;8
Dépannage & Interventions rapides;Serrurerie;DEP-SER-PACK-003;Ouverture de porte avec clé perdue;;8
Dépannage & Interventions rapides;Serrurerie;DEP-SER-PACK-004;Serrure bloquée ou poignée qui tourne à vide;;8
Dépannage & Interventions rapides;Serrurerie;DEP-SER-PACK-005;Cylindre qui tourne dans le vide;;8
Dépannage & Interventions rapides;Serrurerie;DEP-SER-PACK-006;Remplacement cylindre européen simple;;8
Dépannage & Interventions rapides;Serrurerie;DEP-SER-PACK-007;Remplacement cylindre haute sécurité;;8
Dépannage & Interventions rapides;Serrurerie;DEP-SER-PACK-008;Série de cylindres sur même clé;;8
Dépannage & Interventions rapides;Serrurerie;DEP-SER-PACK-009;Réglage serrure multipoints difficile à manœuvrer;;8
Dépannage & Interventions rapides;Serrurerie;DEP-SER-PACK-010;Pose ou remplacement de verrou de sûreté;;8
Dépannage & Interventions rapides;Serrurerie;DEP-SER-PACK-011;Dépannage porte blindée bloquée;;8
Dépannage & Interventions rapides;Serrurerie;DEP-SER-PACK-012;Sécurisation après effraction – porte d'entrée;;8
Dépannage & Interventions rapides;Serrurerie;DEP-SER-PACK-013;Remplacement têtière ou gâche arrachée;;8
Dépannage & Interventions rapides;Serrurerie;DEP-SER-PACK-014;Planche ou fermeture provisoire de porte;;8
Dépannage & Interventions rapides;Serrurerie;DEP-SER-PACK-015;Dépannage serrure porte de cave ou local;;8
Dépannage & Interventions rapides;Serrurerie;DEP-SER-PACK-016;Dépannage serrure porte de garage basculante ou sectionnelle;;8
Dépannage & Interventions rapides;Serrurerie;DEP-SER-PACK-017;Réglage ou dépannage de gâches électriques;;8
Dépannage & Interventions rapides;Serrurerie;DEP-SER-PACK-018;Remplacement poignée ou béquille cassée;;8
Dépannage & Interventions rapides;Serrurerie;DEP-SER-PACK-019;Réglage de paumelles ou fiches dégondables;;8
Dépannage & Interventions rapides;Serrurerie;DEP-SER-PACK-020;Dépannage ou réglage ferme-porte;;8
Dépannage & Interventions rapides;Toiture (urgence / bâchage);DEP-TOI-PACK-001;Bâchage d'urgence toiture;;8
Dépannage & Interventions rapides;Toiture (urgence / bâchage);DEP-TOI-PACK-002;Bâchage après tempête / grand vent;;8
Dépannage & Interventions rapides;Toiture (urgence / bâchage);DEP-TOI-PACK-003;Remplacement tuiles cassées;;8
Dépannage & Interventions rapides;Toiture (urgence / bâchage);DEP-TOI-PACK-004;Remplacement tuiles envolées;;8
Dépannage & Interventions rapides;Toiture (urgence / bâchage);DEP-TOI-PACK-005;Réparation tuile faîtière;;8
Dépannage & Interventions rapides;Toiture (urgence / bâchage);DEP-TOI-PACK-006;Remplacement ardoises cassées;;8
Dépannage & Interventions rapides;Toiture (urgence / bâchage);DEP-TOI-PACK-007;Réparation infiltration cheminée;;8
Dépannage & Interventions rapides;Toiture (urgence / bâchage);DEP-TOI-PACK-008;Réparation solin zinc/plomb;;8
Dépannage & Interventions rapides;Toiture (urgence / bâchage);DEP-TOI-PACK-009;Diagnostic infiltration toiture;;8
Dépannage & Interventions rapides;Toiture (urgence / bâchage);DEP-TOI-PACK-010;Réparation fuite Vélux;;8
Dépannage & Interventions rapides;Toiture (urgence / bâchage);DEP-TOI-PACK-011;Réparation bande de rive défectueuse;;8
Dépannage & Interventions rapides;Toiture (urgence / bâchage);DEP-TOI-PACK-012;Réparation noue défectueuse;;8
Dépannage & Interventions rapides;Toiture (urgence / bâchage);DEP-TOI-PACK-013;Réfection solins fenêtre de toit;;8
Dépannage & Interventions rapides;Toiture (urgence / bâchage);DEP-TOI-PACK-014;Réparation faîtage au mortier;;8
Dépannage & Interventions rapides;Toiture (urgence / bâchage);DEP-TOI-PACK-015;Réparation faîtage mécanique;;8
Dépannage & Interventions rapides;Toiture (urgence / bâchage);DEP-TOI-PACK-016;Étanchéité bac acier – fuite locale;;8
Dépannage & Interventions rapides;Toiture (urgence / bâchage);DEP-TOI-PACK-017;Réparation plaques polycarbonate;;8
Dépannage & Interventions rapides;Toiture (urgence / bâchage);DEP-TOI-PACK-018;Sécurisation toiture après tempête;;8
Dépannage & Interventions rapides;Toiture (urgence / bâchage);DEP-TOI-PACK-019;Réparation EPDM – fuite locale;;8
Dépannage & Interventions rapides;Toiture (urgence / bâchage);DEP-TOI-PACK-020;Réparation étanchéité bitume;;8
Dépannage & Interventions rapides;Toiture (urgence / bâchage);DEP-TOI-PACK-021;Réparation acrotère – infiltration;;8
Dépannage & Interventions rapides;Toiture (urgence / bâchage);DEP-TOI-PACK-022;Débouchage évacuation toiture;;8
Dépannage & Interventions rapides;Toiture (urgence / bâchage);DEP-TOI-PACK-023;Diagnostic fuite terrasse étanchée;;8
Dépannage & Interventions rapides;Toiture (urgence / bâchage);DEP-TOI-PACK-024;Reprise bande périphérique étanchéité;;8
Dépannage & Interventions rapides;Toiture (urgence / bâchage);DEP-TOI-PACK-025;Réparation gouttière zinc / PVC;;8
Dépannage & Interventions rapides;Toiture (urgence / bâchage);DEP-TOI-PACK-026;Débouchage descente EP;;8
Dépannage & Interventions rapides;Toiture (urgence / bâchage);DEP-TOI-PACK-027;Étanchéité pénétration toiture;;8
Dépannage & Interventions rapides;Toiture (urgence / bâchage);DEP-TOI-PACK-028;Réparation rive arrachée;;8
Dépannage & Interventions rapides;Toiture (urgence / bâchage);DEP-TOI-PACK-029;Réparation tuiles de rive ventilées;;8
Dépannage & Interventions rapides;Toiture (urgence / bâchage);DEP-TOI-PACK-030;Réparation shingle / bardeau bitume;;8
Dépannage & Interventions rapides;Vitrerie;DEP-VIT-PACK-001;Remplacement vitrage simple cassé;;8
Dépannage & Interventions rapides;Vitrerie;DEP-VIT-PACK-002;Remplacement double vitrage cassé;;8
Dépannage & Interventions rapides;Vitrerie;DEP-VIT-PACK-003;Fermeture provisoire après casse;;8
Dépannage & Interventions rapides;Vitrerie;DEP-VIT-PACK-004;Dépannage vitrine de magasin cassée;;8
Dépannage & Interventions rapides;Vitrerie;DEP-VIT-PACK-005;Remplacement vitrage baie coulissante;;8
Dépannage & Interventions rapides;Vitrerie;DEP-VIT-PACK-006;Remplacement vitrage feuilleté de sécurité;;8
Dépannage & Interventions rapides;Vitrerie;DEP-VIT-PACK-007;Remplacement vitrage fenêtre oscillo-battante;;8
Dépannage & Interventions rapides;Vitrerie;DEP-VIT-PACK-008;Réparation ou remplacement de crémone;;8
Dépannage & Interventions rapides;Vitrerie;DEP-VIT-PACK-009;Remplacement poignée ou ferrure de fenêtre;;8
Dépannage & Interventions rapides;Vitrerie;DEP-VIT-PACK-010;Réfection joints d'étanchéité vitrage;;8
Dépannage & Interventions rapides;Vitrerie;DEP-VIT-PACK-011;Réfection mastic vitrier;;8
Dépannage & Interventions rapides;Vitrerie;DEP-VIT-PACK-012;Remplacement de parcloses;;8
Dépannage & Interventions rapides;Vitrerie;DEP-VIT-PACK-013;Remplacement miroir mural cassé;;8
Dépannage & Interventions rapides;Vitrerie;DEP-VIT-PACK-014;Remplacement miroir porte de placard;;8
Dépannage & Interventions rapides;Vitrerie;DEP-VIT-PACK-015;Sécurisation et remplacement garde-corps vitré;;8
Dépannage & Interventions rapides;Vitrerie;DEP-VIT-PACK-016;Remplacement vitrage de porte intérieure;;8
Dépannage & Interventions rapides;Vitrerie;DEP-VIT-PACK-017;Remplacement vitrage décoratif ou cathédrale;;8
Dépannage & Interventions rapides;Vitrerie;DEP-VIT-PACK-018;Diagnostic double vitrage avec buée intérieure;;8
Dépannage & Interventions rapides;Vitrerie;DEP-VIT-PACK-019;Réglage et étanchéité menuiserie vitrée;;8
Dépannage & Interventions rapides;Vitrerie;DEP-VIT-PACK-020;Dépose de vitrage avant travaux;;8
Électricité – Courants faibles – Domotique – Réseaux;;ELE-CFBL-PACK-001;Installation domotique complète logement;CHANGEMENT;20
Électricité – Courants faibles – Domotique – Réseaux;;ELE-CFBL-PACK-002;Volets roulants connectés;CHANGEMENT;20
Électricité – Courants faibles – Domotique – Réseaux;;ELE-CFBL-PACK-003;Thermostat connecté intelligent;CHANGEMENT;21
Électricité – Courants faibles – Domotique – Réseaux;;ELE-CFBL-PACK-004;Éclairage connecté;CHANGEMENT;20
Électricité – Courants faibles – Domotique – Réseaux;;ELE-CFBL-PACK-005;Baie de brassage complète;CHANGEMENT;20
Électricité – Courants faibles – Domotique – Réseaux;;ELE-CFBL-PACK-006;Réseau RJ45 complet maison;CHANGEMENT;20
Électricité – Courants faibles – Domotique – Réseaux;;ELE-CFBL-PACK-009;Alarme maison complète;CHANGEMENT;20
Électricité – Courants faibles – Domotique – Réseaux;;ELE-CFBL-PACK-011;Vidéophone connecté;CHANGEMENT;20
Électricité – Courants faibles – Domotique – Réseaux;;ELE-CFBL-PACK-012;Contrôle d'accès immeuble;CHANGEMENT;21
Électricité – Courants faibles – Domotique – Réseaux;;ELE-CFBL-PACK-013;Sonorisation magasin / restaurant;CHANGEMENT;20
Électricité – Courants faibles – Domotique – Réseaux;;ELE-CFBL-PACK-014;WiFi professionnel;CHANGEMENT;20
Électricité – Courants faibles – Domotique – Réseaux;;ELE-CFBL-PACK-015;Réseau TV TNT / Satellite;CHANGEMENT;20
Électricité – Courants faibles – Domotique – Réseaux;;ELE-CFBL-PACK-016;Installation domotique KNX complète;CHANGEMENT;20
Électricité – Courants faibles – Domotique – Réseaux;;ELE-CFBL-PACK-017;Extension KNX (4 à 12 zones);CHANGEMENT;20
Électricité – Courants faibles – Domotique – Réseaux;;ELE-CFBL-PACK-018;Colonne montante fibre immeuble;CHANGEMENT;20
Électricité – Courants faibles – Domotique – Réseaux;;ELE-CFBL-PACK-019;Backbone fibre optique FTTO;CHANGEMENT;20
Électricité – Courants faibles – Domotique – Réseaux;;ELE-CFBL-PACK-020;Domotique Crestron / Control4 / Savant;CHANGEMENT;20
Électricité – Courants faibles – Domotique – Réseaux;;ELE-CFBL-PACK-021;Audio multiroom professionnel;CHANGEMENT;20
Électricité – Courants faibles – Domotique – Réseaux;;ELE-CFBL-PACK-022;Réseau professionnel baie 42U;CHANGEMENT;20
Électricité – Courants faibles – Domotique – Réseaux;;ELE-CFBL-PACK-023;Contrôle d'accès PRO;CHANGEMENT;20
Électricité – Courants faibles – Domotique – Réseaux;;ELE-CFBL-PACK-007;Ajout prise RJ45;INSTALLATION;20
Électricité – Courants faibles – Domotique – Réseaux;;ELE-CFBL-PACK-008;Tirage fibre + PTO;INSTALLATION;20
Électricité – Courants faibles – Domotique – Réseaux;;ELE-CFBL-PACK-010;Vidéosurveillance 2–4 caméras;INSTALLATION;20
Électricité – Courants faibles – Domotique – Réseaux;;ELEC-CFBL-STD-001;Installation prise RJ45 standard;INSTALLATION;20
Électricité – Courants forts;;ELE-CF-PACK-001;Tableau électrique complet maison;CHANGEMENT;20
Électricité – Courants forts;;ELE-CF-PACK-002;Remplacement tableau électrique;CHANGEMENT;20
Électricité – Courants forts;;ELE-CF-PACK-003;Circuit prises 16A;CHANGEMENT;20
Électricité – Courants forts;;ELE-CF-PACK-004;Circuit éclairage;CHANGEMENT;20
Électricité – Courants forts;;ELE-CF-PACK-006;Circuits spécialisés électroménager;CHANGEMENT;20
Électricité – Courants forts;;ELE-CF-PACK-007;Mise à la terre habitation;CHANGEMENT;21
Électricité – Courants forts;;ELE-CF-PACK-008;Alimentation extérieure (éclairage + prises);CHANGEMENT;20
Électricité – Courants forts;;ELE-CF-PACK-009;Pré-équipement électrique étage / combles;CHANGEMENT;20
Électricité – Courants forts;;ELE-CF-PACK-011;Installation électrique complète Studio / T1;CHANGEMENT;20
Électricité – Courants forts;;ELE-CF-PACK-012;Installation électrique complète T2;CHANGEMENT;20
Électricité – Courants forts;;ELE-CF-PACK-013;Installation électrique complète T3;CHANGEMENT;20
Électricité – Courants forts;;ELE-CF-PACK-014;Installation électrique complète T4;CHANGEMENT;20
Électricité – Courants forts;;ELE-CF-PACK-015;Installation électrique complète T5;CHANGEMENT;20
Électricité – Courants forts;;ELE-CF-PACK-016;Installation électrique maison 75 m²;CHANGEMENT;21
Électricité – Courants forts;;ELE-CF-PACK-017;Installation électrique maison 110 m²;CHANGEMENT;20
Électricité – Courants forts;;ELE-CF-PACK-018;Installation électrique maison 150 m²;CHANGEMENT;20
Électricité – Courants forts;;ELE-CF-PACK-019;Installation électrique maison > 150 m²;CHANGEMENT;20
Électricité – Courants forts;;ELE-CF-PACK-020;TGBT – Installation complète;CHANGEMENT;20
Électricité – Courants forts;;ELE-CF-PACK-021;Colonnes montantes électricité;CHANGEMENT;20
Électricité – Courants forts;;ELE-CF-PACK-022;Tableaux d'étage / répartiteurs;CHANGEMENT;20
Électricité – Courants forts;;ELE-CF-PACK-023;Réseau de puissance locaux techniques / commerces;CHANGEMENT;20
Électricité – Courants forts;;ELE-CF-PACK-024;Chemins de câbles + tirage;CHANGEMENT;21
Électricité – Courants forts;;ELE-CF-PACK-025;Consommables électricité – gaine / boîtes / fixations;CHANGEMENT;21
Électricité – Courants forts;;ELE-CF-PACK-026;Consommables câbles électriques;CHANGEMENT;21
Électricité – Courants forts;;ELE-CF-PACK-027;Consommables protections & appareillages;CHANGEMENT;21
Électricité – Courants forts;;ELE-CF-PACK-005;Circuit plaque de cuisson 32A;INSTALLATION;20
Électricité – Courants forts;;ELE-CF-PACK-010;Pré-équipement borne IRVE;INSTALLATION;20
Étanchéité – Toiture terrasse;;ETA-PACK-001;Étanchéité bitume bicouche;CHANGEMENT;20
Étanchéité – Toiture terrasse;;ETA-PACK-002;Étanchéité bitume monocouche autoprotégée;CHANGEMENT;20
Étanchéité – Toiture terrasse;;ETA-PACK-003;Étanchéité membrane EPDM;CHANGEMENT;20
Étanchéité – Toiture terrasse;;ETA-PACK-004;Étanchéité membrane PVC;CHANGEMENT;20
Étanchéité – Toiture terrasse;;ETA-PACK-005;Étanchéité membrane TPO;CHANGEMENT;20
Étanchéité – Toiture terrasse;;ETA-PACK-006;Reprise étanchéité acrotères;CHANGEMENT;20
Étanchéité – Toiture terrasse;;ETA-PACK-007;Étanchéité + dalles sur plots;CHANGEMENT;20
Étanchéité – Toiture terrasse;;ETA-PACK-008;Étanchéité + gravier de lestage;CHANGEMENT;20
Étanchéité – Toiture terrasse;;ETA-PACK-010;Étanchéité chéneaux + évacuations EP;CHANGEMENT;20
Étanchéité – Toiture terrasse;;ETA-PACK-011;Isolation toiture terrasse (PU/PIR/Résol) multi-épaisseurs;CHANGEMENT;20
Étanchéité – Toiture terrasse;;ETA-PACK-009;Recherche fuite + réparation étanchéité;FINITIONS;20
Façade – Ravalement – Enduits extérieurs;;RAV-PACK-003;Enduit monocouche projeté;CHANGEMENT;20
Façade – Ravalement – Enduits extérieurs;;RAV-PACK-004;Enduit traditionnel à la chaux;CHANGEMENT;20
Façade – Ravalement – Enduits extérieurs;;RAV-PACK-005;Crépi extérieur (roulé / taloché / projeté);CHANGEMENT;20
Façade – Ravalement – Enduits extérieurs;;RAV-PACK-006;Peinture façade (acrylique / siloxane);CHANGEMENT;20
Façade – Ravalement – Enduits extérieurs;;RAV-PACK-007;Reprise fissures façade;CHANGEMENT;20
Façade – Ravalement – Enduits extérieurs;;RAV-PACK-008;Badigeon chaux / peinture minérale;CHANGEMENT;20
Façade – Ravalement – Enduits extérieurs;;RAV-PACK-009;Rejointoiement façade pierre;CHANGEMENT;20
Façade – Ravalement – Enduits extérieurs;;RAV-PACK-010;Enduit RPE organique;CHANGEMENT;20
Façade – Ravalement – Enduits extérieurs;;RAV-PACK-011;Ravalement façade maison individuelle;CHANGEMENT;20
Façade – Ravalement – Enduits extérieurs;;RAV-PACK-012;Ravalement immeuble collectif / tertiaire;CHANGEMENT;20
Façade – Ravalement – Enduits extérieurs;;RAV-PACK-014;Traitement remontées capillaires par injection;CHANGEMENT;20
Façade – Ravalement – Enduits extérieurs;;RAV-PACK-015;Drainage périphérique + Delta MS;CHANGEMENT;20
Façade – Ravalement – Enduits extérieurs;;RAV-PACK-016;Assainissement murs soubassement;CHANGEMENT;20
Façade – Ravalement – Enduits extérieurs;;RAV-PACK-017;Reprise joints façade meulière (IDF);CHANGEMENT;20
Façade – Ravalement – Enduits extérieurs;;RAV-PACK-018;Rejointoiement pierre calcaire tendre (Sud);CHANGEMENT;20
Façade – Ravalement – Enduits extérieurs;;RAV-PACK-019;Rejointoiement pierre dure (Provence / Vaucluse);CHANGEMENT;20
Façade – Ravalement – Enduits extérieurs;;RAV-PACK-020;Rejointoiement pierres irrégulières / moellons;CHANGEMENT;20
Façade – Ravalement – Enduits extérieurs;;RAV-PACK-001;Nettoyage façade (HP / chimique);ENTRETIEN;20
Façade – Ravalement – Enduits extérieurs;;RAV-PACK-002;Traitement antimousse + fongicide façade;FINITIONS;20
Façade – Ravalement – Enduits extérieurs;;RAV-PACK-013;Antimousse + hydrofuge incolore façade;FINITIONS;20
Installation de chantier – Logistique & Sécurité;;PRO-PACK-008;Éclairage provisoire de chantier;CHANGEMENT;20
Installation de chantier – Logistique & Sécurité;;PRO-PACK-012;Sécurité incendie chantier;CHANGEMENT;20
Installation de chantier – Logistique & Sécurité;;PRO-PACK-014;Gardiennage & contrôle d'accès chantier;CHANGEMENT;20
Installation de chantier – Logistique & Sécurité;;PRO-PACK-001;Sécurisation chantier (travaux en hauteur);INSTALLATION;20
Installation de chantier – Logistique & Sécurité;;PRO-PACK-002;Gestion des déchets & bennes;INSTALLATION;20
Installation de chantier – Logistique & Sécurité;;PRO-PACK-003;Zone de stockage & manutention;INSTALLATION;20
Installation de chantier – Logistique & Sécurité;;PRO-PACK-004;Protections intérieures (sols, escaliers, murs);INSTALLATION;20
Installation de chantier – Logistique & Sécurité;;PRO-PACK-005;Location WC chimique chantier;INSTALLATION;20
Installation de chantier – Logistique & Sécurité;;PRO-PACK-006;Location module ALGECO / base bureau;INSTALLATION;20
Installation de chantier – Logistique & Sécurité;;PRO-PACK-007;Location groupe électrogène chantier;INSTALLATION;20
Installation de chantier – Logistique & Sécurité;;PRO-PACK-009;Clôture de chantier + portillon;INSTALLATION;20
Installation de chantier – Logistique & Sécurité;;PRO-PACK-010;Filets anti-chute & pare-gravats;INSTALLATION;20
Installation de chantier – Logistique & Sécurité;;PRO-PACK-011;Ligne de vie temporaire;INSTALLATION;20
Installation de chantier – Logistique & Sécurité;;PRO-PACK-013;Base-vie chantier complète;INSTALLATION;20
Isolation intérieure;;ISO-INT-PACK-003;Isolation rampants laine de verre;CHANGEMENT;20
Isolation intérieure;;ISO-INT-PACK-010;Étanchéité à l'air + isolation renforcée;CHANGEMENT;20
Isolation intérieure;;ISO-INT-PACK-011;Isolation laine de roche haute performance R7;CHANGEMENT;20
Isolation intérieure;;ISO-INT-PACK-013;Isolation sous-pentes & bas de toit;CHANGEMENT;20
Isolation intérieure;;ISO-INT-PACK-014;Isolation renforcée zones sensibles;CHANGEMENT;20
Isolation intérieure;;ISO-INT-PACK-016;Isolation plancher bas vide sanitaire;CHANGEMENT;20
Isolation intérieure;;ISO-INT-PACK-025;Isolation combles perdus immeubles collectifs;CHANGEMENT;20
Isolation intérieure;;ISO-INT-PACK-001;Doublage BA13 + laine minérale;INSTALLATION;20
Isolation intérieure;;ISO-INT-PACK-002;Doublage collé isolant intégré;INSTALLATION;20
Isolation intérieure;;ISO-INT-PACK-004;Isolation combles perdus soufflée;INSTALLATION;20
Isolation intérieure;;ISO-INT-PACK-005;Isolation acoustique;INSTALLATION;20
Isolation intérieure;;ISO-INT-PACK-006;Isolation biosourcée (chanvre / fibre bois);INSTALLATION;20
Isolation intérieure;;ISO-INT-PACK-007;Isolation plafond sur suspentes;INSTALLATION;20
Isolation intérieure;;ISO-INT-PACK-008;Isolation garage / sous-sol;INSTALLATION;20
Isolation intérieure;;ISO-INT-PACK-009;Isolation mur sur ossature complète;INSTALLATION;20
Isolation intérieure;;ISO-INT-PACK-012;Isolation ouate de cellulose insufflée R7;INSTALLATION;20
Isolation intérieure;;ISO-INT-PACK-015;Insufflation murs creux;INSTALLATION;20
Isolation intérieure;;ISO-INT-PACK-017;Isolation haute performance PIR / PUR;INSTALLATION;20
Isolation intérieure;;ISO-INT-PACK-018;Isolation acoustique PREMIUM;INSTALLATION;20
Isolation intérieure;;ISO-INT-PACK-019;Isolation acoustique plancher intermédiaire;INSTALLATION;20
Isolation intérieure;;ISO-INT-PACK-020;Isolation murs en pierre (techniques spéciales);INSTALLATION;20
Isolation intérieure;;ISO-INT-PACK-021;Doublage thermique mince haute performance;INSTALLATION;20
Isolation intérieure;;ISO-INT-PACK-022;Traitement anti-humidité + isolation;INSTALLATION;20
Isolation intérieure;;ISO-INT-PACK-023;Isolation intérieure rénovation lourde;INSTALLATION;20
Isolation intérieure;;ISO-INT-PACK-024;Isolation planchers bas immeuble collectif / tertiaire;INSTALLATION;20
Isolation thermique extérieure (ITE);;ITE-PACK-009;Dépose ancien ITE + nouveau système complet;CHANGEMENT;20
Isolation thermique extérieure (ITE);;ITE-PACK-001;ITE PSE 120–160 mm;INSTALLATION;20
Isolation thermique extérieure (ITE);;ITE-PACK-002;ITE laine de roche 120–150 mm;INSTALLATION;20
Isolation thermique extérieure (ITE);;ITE-PACK-003;ITE fibre de bois;INSTALLATION;20
Isolation thermique extérieure (ITE);;ITE-PACK-004;ITE finition enduit RPE;INSTALLATION;20
Isolation thermique extérieure (ITE);;ITE-PACK-005;ITE finition enduit minéral;INSTALLATION;20
Isolation thermique extérieure (ITE);;ITE-PACK-006;ITE façade pierre / support irrégulier;INSTALLATION;20
Isolation thermique extérieure (ITE);;ITE-PACK-007;ITE bardage ventilé;INSTALLATION;20
Isolation thermique extérieure (ITE);;ITE-PACK-008;ITE haute performance (ponts thermiques traités);INSTALLATION;20
Isolation thermique extérieure (ITE);;ITE-PACK-010;Isolation soubassement / bas de murs;INSTALLATION;20
Isolation thermique extérieure (ITE);;ITE-PACK-011;ITE vêture immeuble collectif;INSTALLATION;20
Isolation thermique extérieure (ITE);;ITE-PACK-012;ITE bardage ventilé tertiaire / collectif;INSTALLATION;20
Isolation thermique extérieure (ITE);;ITE-PACK-013;ITE PSE Blanc (2 à 20 cm);INSTALLATION;20
Isolation thermique extérieure (ITE);;ITE-PACK-014;ITE PSE Gris (2 à 20 cm);INSTALLATION;20
Isolation thermique extérieure (ITE);;ITE-PACK-015;ITE faible épaisseur (2 à 6 cm);INSTALLATION;20
Isolation thermique extérieure (ITE);;ITE-PACK-016;ITE forte épaisseur (10 à 20 cm);INSTALLATION;20
Isolation thermique extérieure (ITE);;ITE-PACK-017;ITE système collé uniquement;INSTALLATION;20
Isolation thermique extérieure (ITE);;ITE-PACK-018;ITE système calé-chevillé;INSTALLATION;20
Isolation thermique extérieure (ITE);;ITE-PACK-019;ITE toiture – Sarking;INSTALLATION;20
Isolation thermique extérieure (ITE);;ITE-PACK-020;ITE pieds de façades techniques;INSTALLATION;20
Isolation thermique extérieure (ITE);;ITE-PACK-021;ITE retours tableaux menuiseries premium;INSTALLATION;20
Isolation thermique extérieure (ITE);;ITE-PACK-022;ITE + ravalement complet;INSTALLATION;20
Isolation thermique extérieure (ITE);;ITE-STD-001;Isolation thermique exterieure standard;INSTALLATION;20
Maçonnerie – Gros œuvre;;MAC-GO-PACK-001;Ouverture mur porteur 2–3 m;CHANGEMENT;20
Maçonnerie – Gros œuvre;;MAC-GO-PACK-004;Ouverture mur porteur + reprise en sous-œuvre lourde;CHANGEMENT;20
Maçonnerie – Gros œuvre;;MAC-GO-PACK-005;Démolition mur porteur + étaiement;CHANGEMENT;20
Maçonnerie – Gros œuvre;;MAC-GO-PACK-010;Rehausse en agglos – Surélévation courte;CHANGEMENT;20
Maçonnerie – Gros œuvre;;MAC-GO-PACK-014;Élévation murs parpaings isolants RTH;CHANGEMENT;20
Maçonnerie – Gros œuvre;;MAC-GO-PACK-016;Devanture maison complète + portail;CHANGEMENT;20
Maçonnerie – Gros œuvre;;MAC-GO-PACK-017;Devanture portail seule (sans dalle);CHANGEMENT;20
Maçonnerie – Gros œuvre;;MAC-GO-PACK-019;Reprise en sous-œuvre mur pierre;CHANGEMENT;20
Maçonnerie – Gros œuvre;;MAC-GO-PACK-020;Chaînage d'angles en pierre;CHANGEMENT;20
Maçonnerie – Gros œuvre;;MAC-GO-PACK-021;Reconstruction ouverture en pierre de taille;CHANGEMENT;20
Maçonnerie – Gros œuvre;;MAC-GO-PACK-024;Escalier extérieur en pierre massive;CHANGEMENT;20
Maçonnerie – Gros œuvre;;MAC-GO-PACK-025;Restanque en pierre;CHANGEMENT;20
Maçonnerie – Gros œuvre;;MAC-GO-PACK-026;Façade parement pierre locale;CHANGEMENT;20
Maçonnerie – Gros œuvre;;MAC-GO-PACK-028;Linteau IPN pour ouverture mur porteur;CHANGEMENT;20
Maçonnerie – Gros œuvre;;MAC-GO-PACK-029;IPN sous dalle / reprise de plancher;CHANGEMENT;20
Maçonnerie – Gros œuvre;;MAC-GO-PACK-030;IPN grande portée / jumelé;CHANGEMENT;20
Maçonnerie – Gros œuvre;;MAC-GO-PACK-032;Renfort balcon / acrotère;CHANGEMENT;20
Maçonnerie – Gros œuvre;;MAC-GO-PACK-034;Cloisons en parpaing isolant;CHANGEMENT;20
Maçonnerie – Gros œuvre;;MAC-GO-PACK-036;Cloisons béton cellulaire isolant;CHANGEMENT;20
Maçonnerie – Gros œuvre;;MAC-GO-PACK-002;Dalle béton intérieure 20–40 m²;INSTALLATION;20
Maçonnerie – Gros œuvre;;MAC-GO-PACK-003;Muret agglo 15 cm – 10 ml;INSTALLATION;20
Maçonnerie – Gros œuvre;;MAC-GO-PACK-006;Radier béton 20–40 m²;INSTALLATION;20
Maçonnerie – Gros œuvre;;MAC-GO-PACK-007;Création de 4 poteaux béton armé;INSTALLATION;20
Maçonnerie – Gros œuvre;;MAC-GO-PACK-008;Chaînage horizontal RDC – 25 ml;INSTALLATION;20
Maçonnerie – Gros œuvre;;MAC-GO-PACK-009;Escalier béton 12–15 marches;INSTALLATION;20
Maçonnerie – Gros œuvre;;MAC-GO-PACK-011;Dalle béton garage / local technique 20–30 m²;INSTALLATION;20
Maçonnerie – Gros œuvre;;MAC-GO-PACK-012;Dalle béton support maison biobrique;INSTALLATION;20
Maçonnerie – Gros œuvre;;MAC-GO-PACK-013;Élévation murs biobrique – 20 à 40 m²;INSTALLATION;20
Maçonnerie – Gros œuvre;;MAC-GO-PACK-015;Longrines périphériques + semelles filantes;INSTALLATION;20
Maçonnerie – Gros œuvre;;MAC-GO-PACK-018;Mur porteur en pierre de taille;INSTALLATION;20
Maçonnerie – Gros œuvre;;MAC-GO-PACK-022;Mur en pierre sèche;INSTALLATION;20
Maçonnerie – Gros œuvre;;MAC-GO-PACK-023;Mur en pierre maçonnée;INSTALLATION;20
Maçonnerie – Gros œuvre;;MAC-GO-PACK-027;Pilier de portail en pierre massive;INSTALLATION;20
Maçonnerie – Gros œuvre;;MAC-GO-PACK-031;IPN apparent décoratif industriel;INSTALLATION;20
Maçonnerie – Gros œuvre;;MAC-GO-PACK-033;Mur porteur en parpaing isolant;INSTALLATION;20
Maçonnerie – Gros œuvre;;MAC-GO-PACK-035;Mur porteur en béton cellulaire isolant;INSTALLATION;20
Maçonnerie – Gros œuvre;;MAC-GO-PACK-037;Plancher hourdis isolant;INSTALLATION;20
Maçonnerie – Gros œuvre;;MAC-GO-PACK-038;Dalle béton isolante RE2020;INSTALLATION;20
Maçonnerie – Gros œuvre;;MAC-GO-PACK-039;Blocs coffrants isolants ICF;INSTALLATION;20
Maçonnerie – Gros œuvre;;MAC-GO-PACK-040;Mur béton banché isolant;INSTALLATION;20
Maçonnerie – Gros œuvre;;MAC-GO-PACK-041;Coffrage bois / contreplaqué;INSTALLATION;20
Maçonnerie – Gros œuvre;;MAC-GO-PACK-042;Coffrage spécial formes complexes;INSTALLATION;20
Maçonnerie – Gros œuvre;;MAC-GO-PACK-043;Plancher poutrelles béton précontraint;INSTALLATION;20
Maçonnerie – Gros œuvre;;MAC-GO-PACK-044;Plancher prédalle béton;INSTALLATION;20
Maçonnerie – Gros œuvre;;MAC-GO-PACK-045;Plancher dalle alvéolaire;INSTALLATION;20
Maçonnerie – Second œuvre / Chapes / Enduits ciment;;MAC-SO-PACK-004;Réparation enduit ciment intérieur;CHANGEMENT;20
Maçonnerie – Second œuvre / Chapes / Enduits ciment;;MAC-SO-PACK-006;Seuil porte ou baie en béton;CHANGEMENT;20
Maçonnerie – Second œuvre / Chapes / Enduits ciment;;MAC-SO-PACK-007;Reprise angles et arêtes murs;CHANGEMENT;20
Maçonnerie – Second œuvre / Chapes / Enduits ciment;;MAC-SO-PACK-009;Reprise fissure mur;CHANGEMENT;20
Maçonnerie – Second œuvre / Chapes / Enduits ciment;;MAC-SO-PACK-010;Réfection pied de mur;CHANGEMENT;20
Maçonnerie – Second œuvre / Chapes / Enduits ciment;;MAC-SO-PACK-011;Rejointoiement pierre meulière à la chaux;CHANGEMENT;20
Maçonnerie – Second œuvre / Chapes / Enduits ciment;;MAC-SO-PACK-012;Réfection façade pierre de taille;CHANGEMENT;20
Maçonnerie – Second œuvre / Chapes / Enduits ciment;;MAC-SO-PACK-013;Réparation éclats pierre naturelle;CHANGEMENT;20
Maçonnerie – Second œuvre / Chapes / Enduits ciment;;MAC-SO-PACK-015;Consolidation mur pierre;CHANGEMENT;20
Maçonnerie – Second œuvre / Chapes / Enduits ciment;;MAC-SO-PACK-016;Réfection encadrement pierre;CHANGEMENT;20
Maçonnerie – Second œuvre / Chapes / Enduits ciment;;MAC-SO-PACK-014;Nettoyage et brossage façade pierre;ENTRETIEN;20
Maçonnerie – Second œuvre / Chapes / Enduits ciment;;MAC-SO-PACK-001;Ragréage sol intérieur 5 à 10 mm;FINITIONS;20
Maçonnerie – Second œuvre / Chapes / Enduits ciment;;MAC-SO-PACK-005;Enduit monocouche façade (petite surface);FINITIONS;20
Maçonnerie – Second œuvre / Chapes / Enduits ciment;;MAC-SO-PACK-002;Chape ciment traditionnelle 5 cm;INSTALLATION;20
Maçonnerie – Second œuvre / Chapes / Enduits ciment;;MAC-SO-PACK-003;Chape fluide anhydrite;INSTALLATION;20
Maçonnerie – Second œuvre / Chapes / Enduits ciment;;MAC-SO-PACK-008;Création marche béton;INSTALLATION;20
Menuiserie extérieure;;MEN-EXT-PACK-001;Fenêtre PVC double vitrage;CHANGEMENT;20
Menuiserie extérieure;;MEN-EXT-PACK-002;Fenêtre ALU double vitrage;CHANGEMENT;20
Menuiserie extérieure;;MEN-EXT-PACK-003;Fenêtre bois double vitrage;CHANGEMENT;20
Menuiserie extérieure;;MEN-EXT-PACK-004;Baie vitrée coulissante ALU 2 rails;CHANGEMENT;20
Menuiserie extérieure;;MEN-EXT-PACK-005;Baie coulissante ALU 3 rails;CHANGEMENT;20
Menuiserie extérieure;;MEN-EXT-PACK-006;Coulissant à galandage;CHANGEMENT;20
Menuiserie extérieure;;MEN-EXT-PACK-007;Volets roulants électriques;CHANGEMENT;20
Menuiserie extérieure;;MEN-EXT-PACK-008;Volets battants ALU / BOIS;CHANGEMENT;20
Menuiserie extérieure;;MEN-EXT-PACK-009;Porte d'entrée aluminium;CHANGEMENT;20
Menuiserie extérieure;;MEN-EXT-PACK-010;Porte d'entrée bois;CHANGEMENT;20
Menuiserie extérieure;;MEN-EXT-PACK-011;Porte blindée A2P;CHANGEMENT;20
Menuiserie extérieure;;MEN-EXT-PACK-012;Porte garage sectionnelle;CHANGEMENT;20
Menuiserie extérieure;;MEN-EXT-PACK-013;Porte garage motorisée;CHANGEMENT;20
Menuiserie extérieure;;MEN-EXT-PACK-016;Motorisation portail battant;CHANGEMENT;20
Menuiserie extérieure;;MEN-EXT-PACK-018;Pergola aluminium;CHANGEMENT;20
Menuiserie extérieure;;MEN-EXT-PACK-020;Garde-corps aluminium ou verre;CHANGEMENT;20
Menuiserie extérieure;;MEN-EXT-PACK-014;Portail battant aluminium;INSTALLATION;20
Menuiserie extérieure;;MEN-EXT-PACK-015;Portail coulissant aluminium;INSTALLATION;20
Menuiserie extérieure;;MEN-EXT-PACK-017;Motorisation portail coulissant;INSTALLATION;20
Menuiserie extérieure;;MEN-EXT-PACK-019;Pergola bioclimatique motorisée;INSTALLATION;20
Menuiserie extérieure;;MEN-EXT-PACK-021;Portillon aluminium;INSTALLATION;21
Menuiserie extérieure;;MEN-EXT-PACK-022;Clôture aluminium sur muret;INSTALLATION;20
Menuiserie intérieure;;MEN-INT-PACK-001;Porte intérieure battante standard;CHANGEMENT;20
Menuiserie intérieure;;MEN-INT-PACK-002;Porte coulissante galandage / applique;CHANGEMENT;20
Menuiserie intérieure;;MEN-INT-PACK-003;Remplacement bloc-porte complet;CHANGEMENT;20
Menuiserie intérieure;;MEN-INT-PACK-004;Porte acoustique / isophonique;CHANGEMENT;20
Menuiserie intérieure;;MEN-INT-PACK-006;Dressing / placard coulissant sur mesure;CHANGEMENT;20
Menuiserie intérieure;;MEN-INT-PACK-007;Cloison bois / verrière pleine;CHANGEMENT;20
Menuiserie intérieure;;MEN-INT-PACK-008;Plinthes bois / médium;CHANGEMENT;20
Menuiserie intérieure;;MEN-INT-PACK-009;Portes de placard battantes / coulissantes;CHANGEMENT;20
Menuiserie intérieure;;MEN-INT-PACK-010;Étagères / niches sur mesure;CHANGEMENT;20
Menuiserie intérieure;;MEN-INT-PACK-011;Escalier intérieur bois;CHANGEMENT;20
Menuiserie intérieure;;MEN-INT-PACK-012;Porte coupe-feu EI30;CHANGEMENT;20
Menuiserie intérieure;;MEN-INT-PACK-013;Porte acoustique 42–48 dB;CHANGEMENT;20
Menuiserie intérieure;;MEN-INT-PACK-015;Dressing premium sur mesure;CHANGEMENT;20
Menuiserie intérieure;;MEN-INT-PACK-016;Cuisine sur mesure (hors plomberie);CHANGEMENT;20
Menuiserie intérieure;;MEN-INT-PACK-017;Meuble TV / bibliothèque sur mesure;CHANGEMENT;20
Menuiserie intérieure;;MEN-INT-PACK-018;Banc / meuble d'entrée sur mesure;CHANGEMENT;21
Menuiserie intérieure;;MEN-INT-PACK-019;Portes dressing sur mesure;CHANGEMENT;20
Menuiserie intérieure;;MEN-INT-PACK-020;Rangements SDB sur mesure;CHANGEMENT;20
Menuiserie intérieure;;MEN-INT-PACK-005;Verrière atelier intérieure;INSTALLATION;20
Menuiserie intérieure;;MEN-INT-PACK-014;Habillage mural bois / tasseaux acoustiques;INSTALLATION;20
Menuiserie intérieure;;MIN-PACK-STD-001;Porte interieure bois standard;INSTALLATION;20
Panneaux photovoltaïques;;PV-PACK-005;Renforcement charpente pour installation PV;CHANGEMENT;20
Panneaux photovoltaïques;;PV-PACK-008;Onduleur hybride;CHANGEMENT;20
Panneaux photovoltaïques;;PV-PACK-009;Remplacement micro-onduleurs;CHANGEMENT;20
Panneaux photovoltaïques;;PV-PACK-012;Mise en conformité photovoltaïque;CHANGEMENT;21
Panneaux photovoltaïques;;PV-PACK-010;Maintenance & nettoyage PV;ENTRETIEN;20
Panneaux photovoltaïques;;PV-PACK-001;PV 3 kWc en surimposition;INSTALLATION;20
Panneaux photovoltaïques;;PV-PACK-002;PV 6 kWc en surimposition;INSTALLATION;20
Panneaux photovoltaïques;;PV-PACK-003;PV 9 kWc en surimposition;INSTALLATION;20
Panneaux photovoltaïques;;PV-PACK-004;PV intégré toiture (IAB);INSTALLATION;20
Panneaux photovoltaïques;;PV-PACK-006;Batterie PV 5 kWh;INSTALLATION;20
Panneaux photovoltaïques;;PV-PACK-007;Batterie PV 10 kWh;INSTALLATION;20
Panneaux photovoltaïques;;PV-PACK-011;Pergola photovoltaïque;INSTALLATION;20
Panneaux photovoltaïques;;PV-PACK-013;Pergola photovoltaïque double zone;INSTALLATION;20
Panneaux photovoltaïques;;PV-PACK-014;PV toiture terrasse plate (lesté sans percement);INSTALLATION;20
Panneaux photovoltaïques;;PV-PACK-015;PV bâtiment agricole / hangar;INSTALLATION;20
Panneaux photovoltaïques;;PV-PACK-016;Installation photovoltaïque industrie (36–100 kWc);INSTALLATION;20
Panneaux photovoltaïques;;PV-PACK-017;Système photovoltaïque autonome (off-grid);INSTALLATION;20
Peinture – Finitions – Enduits décoratifs;;PEI-FIN-PACK-010;Décapage + peinture rénovation;CHANGEMENT;20
Peinture – Finitions – Enduits décoratifs;;PEI-FIN-PACK-001;Peinture murs intérieur 2 couches;FINITIONS;20
Peinture – Finitions – Enduits décoratifs;;PEI-FIN-PACK-002;Peinture plafond 2 couches;FINITIONS;20
Peinture – Finitions – Enduits décoratifs;;PEI-FIN-PACK-003;Ratissage complet + peinture;FINITIONS;20
Peinture – Finitions – Enduits décoratifs;;PEI-FIN-PACK-004;Béton ciré mural;FINITIONS;20
Peinture – Finitions – Enduits décoratifs;;PEI-FIN-PACK-005;Enduit tadelakt;FINITIONS;20
Peinture – Finitions – Enduits décoratifs;;PEI-FIN-PACK-006;Peinture boiseries;FINITIONS;20
Peinture – Finitions – Enduits décoratifs;;PEI-FIN-PACK-007;Peinture façade extérieure;FINITIONS;20
Peinture – Finitions – Enduits décoratifs;;PEI-FIN-PACK-008;Reprise fissures + peinture;FINITIONS;19
Peinture – Finitions – Enduits décoratifs;;PEI-FIN-PACK-009;Toile de verre + peinture;FINITIONS;20
Peinture – Finitions – Enduits décoratifs;;PEI-FIN-PACK-011;Stucco vénitien;FINITIONS;20
Peinture – Finitions – Enduits décoratifs;;PEI-FIN-PACK-012;Enduit à l'argile;FINITIONS;20
Peinture – Finitions – Enduits décoratifs;;PEI-FIN-PACK-013;Enduit chaux-chanvre;FINITIONS;20
Peinture – Finitions – Enduits décoratifs;;PEI-FIN-PACK-014;Enduit minéral effet pierre;FINITIONS;20
Peinture – Finitions – Enduits décoratifs;;PEI-FIN-PACK-015;Enduit marmorino;FINITIONS;20
Peinture – Finitions – Enduits décoratifs;;PEI-FIN-PACK-016;Peinture hydrofuge SDB;FINITIONS;20
Peinture – Finitions – Enduits décoratifs;;PEI-FIN-PACK-017;Peinture cuisine lessivable;FINITIONS;20
Peinture – Finitions – Enduits décoratifs;;PEI-FIN-PACK-018;Traitement moisissures + peinture;FINITIONS;20
Peinture – Finitions – Enduits décoratifs;;PEI-FIN-PACK-019;Peinture plafond anti-condensation;FINITIONS;20
Peinture – Finitions – Enduits décoratifs;;PEI-FIN-PACK-020;Peinture anti-tâches;FINITIONS;20
Peinture – Finitions – Enduits décoratifs;;PEI-FIN-PACK-021;Peinture laque tendue;FINITIONS;20
Peinture – Finitions – Enduits décoratifs;;PEI-FIN-PACK-022;Ratissage HD + velours luxe;FINITIONS;20
Peinture – Finitions – Enduits décoratifs;;PEI-FIN-PACK-023;Peinture écologique bio;FINITIONS;20
Peinture – Finitions – Enduits décoratifs;;PEI-FIN-PACK-024;Peinture pailletée décorative;FINITIONS;20
Peinture – Finitions – Enduits décoratifs;;PEI-FIN-PACK-025;Effet ombré / dégradé artistique;FINITIONS;20
Peinture – Finitions – Enduits décoratifs;;PEI-FIN-PACK-026;Lambris bois mural (pose horizontale/verticale);INSTALLATION;20
Peinture – Finitions – Enduits décoratifs;;PEI-FIN-PACK-027;Panneaux décoratifs 3D muraux (PVC/MDF);INSTALLATION;20
Peinture – Finitions – Enduits décoratifs;;PEI-FIN-PACK-028;Tasseaux bois acoustiques décoratifs;INSTALLATION;20
Peinture – Finitions – Enduits décoratifs;;PEINT-STD-PP-001;Pose papier peint standard;INSTALLATION;20
Plâtrerie – Cloisons – Doublages – Faux plafonds;;PLA-CLO-PACK-002;Cloison phonique renforcée;CHANGEMENT;20
Plâtrerie – Cloisons – Doublages – Faux plafonds;;PLA-CLO-PACK-006;Faux plafond démontable 60x60;CHANGEMENT;20
Plâtrerie – Cloisons – Doublages – Faux plafonds;;PLA-CLO-PACK-010;Dépose + reconstitution faux plafond;CHANGEMENT;20
Plâtrerie – Cloisons – Doublages – Faux plafonds;;PLA-CLO-PACK-012;Cloison acoustique hydrofuge;CHANGEMENT;20
Plâtrerie – Cloisons – Doublages – Faux plafonds;;PLA-CLO-PACK-013;Cloison coupe-feu EI30/EI60;CHANGEMENT;20
Plâtrerie – Cloisons – Doublages – Faux plafonds;;PLA-CLO-PACK-014;Cloison Fermacell;CHANGEMENT;20
Plâtrerie – Cloisons – Doublages – Faux plafonds;;PLA-CLO-PACK-015;Doublage hydrofuge SDB;CHANGEMENT;20
Plâtrerie – Cloisons – Doublages – Faux plafonds;;PLA-CLO-PACK-017;Cloison gaine technique;CHANGEMENT;20
Plâtrerie – Cloisons – Doublages – Faux plafonds;;PLA-CLO-PACK-018;Cloison Fermacell hydrofuge;CHANGEMENT;20
Plâtrerie – Cloisons – Doublages – Faux plafonds;;PLA-CLO-PACK-009;Reprise fissures BA13;FINITIONS;20
Plâtrerie – Cloisons – Doublages – Faux plafonds;;PLA-CLO-PACK-001;Cloison BA13 sur ossature 70 mm;INSTALLATION;20
Plâtrerie – Cloisons – Doublages – Faux plafonds;;PLA-CLO-PACK-003;Doublage BA13 collé (MAP);INSTALLATION;20
Plâtrerie – Cloisons – Doublages – Faux plafonds;;PLA-CLO-PACK-004;Doublage BA13 sur ossature + isolant;INSTALLATION;20
Plâtrerie – Cloisons – Doublages – Faux plafonds;;PLA-CLO-PACK-005;Faux plafond BA13;INSTALLATION;20
Plâtrerie – Cloisons – Doublages – Faux plafonds;;PLA-CLO-PACK-007;Caisson BA13 technique;INSTALLATION;20
Plâtrerie – Cloisons – Doublages – Faux plafonds;;PLA-CLO-PACK-008;Coffrage décoratif BA13;INSTALLATION;20
Plâtrerie – Cloisons – Doublages – Faux plafonds;;PLA-CLO-PACK-011;Cloison BA13 hydrofuge;INSTALLATION;20
Plâtrerie – Cloisons – Doublages – Faux plafonds;;PLA-CLO-PACK-016;Faux plafond BA13 hydrofuge;INSTALLATION;20
Plomberie – Sanitaire;;PLO-SAN-PACK-001;Remplacement WC classique;CHANGEMENT;20
Plomberie – Sanitaire;;PLO-SAN-PACK-002;Installation WC suspendu;CHANGEMENT;20
Plomberie – Sanitaire;;PLO-SAN-PACK-003;Remplacement meuble vasque;CHANGEMENT;20
Plomberie – Sanitaire;;PLO-SAN-PACK-004;Douche italienne complète;CHANGEMENT;20
Plomberie – Sanitaire;;PLO-SAN-PACK-005;Remplacement baignoire → douche;CHANGEMENT;20
Plomberie – Sanitaire;;PLO-SAN-PACK-006;Pose chauffe-eau électrique;CHANGEMENT;20
Plomberie – Sanitaire;;PLO-SAN-PACK-007;Création réseau plomberie;CHANGEMENT;20
Plomberie – Sanitaire;;PLO-SAN-PACK-008;Remplacement robinetterie;CHANGEMENT;20
Plomberie – Sanitaire;;PLO-SAN-PACK-010;Déplacement points d'eau;CHANGEMENT;20
Plomberie – Sanitaire;;PLO-SAN-PACK-011;Robinetterie encastrée premium;CHANGEMENT;20
Plomberie – Sanitaire;;PLO-SAN-PACK-012;Réseau multicouche encastré;CHANGEMENT;20
Plomberie – Sanitaire;;PLO-SAN-PACK-013;WC suspendu premium;CHANGEMENT;20
Plomberie – Sanitaire;;PLO-SAN-PACK-015;Réseau cuivre brasure;CHANGEMENT;20
Plomberie – Sanitaire;;PLO-SAN-PACK-017;Modification évacuation PVC;CHANGEMENT;20
Plomberie – Sanitaire;;PLO-SAN-PACK-019;Pose parois de douche premium;CHANGEMENT;20
Plomberie – Sanitaire;;PLO-SAN-PACK-021;Baignoire (fourniture + pose);CHANGEMENT;20
Plomberie – Sanitaire;;PLO-SAN-PACK-022;Receveur de douche (fourniture + pose);CHANGEMENT;20
Plomberie – Sanitaire;;PLO-SAN-PACK-024;Sèche-serviette à eau (fourniture + pose);CHANGEMENT;20
Plomberie – Sanitaire;;PLO-SAN-PACK-025;Système Grohe SmartControl encastré;CHANGEMENT;20
Plomberie – Sanitaire;;PLO-SAN-PACK-026;Colonne de douche (fourniture + pose);CHANGEMENT;20
Plomberie – Sanitaire;;PLO-SAN-PACK-027;Mitigeur mural encastré;CHANGEMENT;20
Plomberie – Sanitaire;;PLO-SAN-PACK-028;Robinetterie vasque (fourniture + pose);CHANGEMENT;21
Plomberie – Sanitaire;;PLO-SAN-PACK-009;Création arrivée + évacuation MAL/LV;INSTALLATION;20
Plomberie – Sanitaire;;PLO-SAN-PACK-014;Siphon sol PMR;INSTALLATION;20
Plomberie – Sanitaire;;PLO-SAN-PACK-016;Installation adoucisseur;INSTALLATION;20
Plomberie – Sanitaire;;PLO-SAN-PACK-018;Création nourrices chauffage/sanitaire;INSTALLATION;20
Plomberie – Sanitaire;;PLO-SAN-PACK-020;Baignoire îlot (installation complète);INSTALLATION;20
Plomberie – Sanitaire;;PLO-SAN-PACK-023;Parois de douche (fourniture + pose);INSTALLATION;20
Revêtements de sols;;SOL-PACK-004;Ponçage + vitrification parquet;FINITIONS;20
Revêtements de sols;;SOL-PACK-001;Parquet stratifié flottant;INSTALLATION;20
Revêtements de sols;;SOL-PACK-002;Parquet massif collé;INSTALLATION;20
Revêtements de sols;;SOL-PACK-003;Parquet hydrofuge clipsable;INSTALLATION;20
Revêtements de sols;;SOL-PACK-005;Sol PVC en lés;INSTALLATION;20
Revêtements de sols;;SOL-PACK-006;LVT clipsable;INSTALLATION;20
Revêtements de sols;;SOL-PACK-007;Lino U2s / U3s;INSTALLATION;20
Revêtements de sols;;SOL-PACK-008;Ragréage autolissant;INSTALLATION;20
Revêtements de sols;;SOL-PACK-009;Chape liquide;INSTALLATION;20
Revêtements de sols;;SOL-PACK-010;Dalles sur plots;INSTALLATION;20
Revêtements de sols;;SOL-PACK-011;Résine de sol;INSTALLATION;20
Revêtements de sols;;SOL-PACK-012;Terrasse bois naturel;INSTALLATION;20
Revêtements de sols;;SOL-PACK-013;Terrasse composite;INSTALLATION;20
Revêtements de sols;;SOL-PACK-014;Dalles sur plots terrasse;INSTALLATION;20
Revêtements de sols;;SOL-PACK-015;Terrasse grès cérame 2 cm;INSTALLATION;20
Revêtements de sols;;SOL-PACK-016;Terrasse bois exotique;INSTALLATION;20
Revêtements de sols;;SOL-PACK-017;Terrasse béton désactivé;INSTALLATION;20
Salle de bain – Aménagement complet;;SDB-PACK-001;Création complète salle de bain standard;CHANGEMENT;20
Salle de bain – Aménagement complet;;SDB-PACK-002;Salle de bain premium complète;CHANGEMENT;20
Salle de bain – Aménagement complet;;SDB-PACK-003;Transformation baignoire en douche italienne;CHANGEMENT;20
Salle de bain – Aménagement complet;;SDB-PACK-005;Remplacement baignoire;CHANGEMENT;20
Salle de bain – Aménagement complet;;SDB-PACK-006;Remplacement receveur de douche;CHANGEMENT;20
Salle de bain – Aménagement complet;;SDB-PACK-007;Pose paroi de douche;CHANGEMENT;20
Salle de bain – Aménagement complet;;SDB-PACK-008;Pose sèche-serviette eau chaude;CHANGEMENT;20
Salle de bain – Aménagement complet;;SDB-PACK-009;Pose sèche-serviette électrique;CHANGEMENT;20
Salle de bain – Aménagement complet;;SDB-PACK-010;Ensemble douche complet;CHANGEMENT;20
Salle de bain – Aménagement complet;;SDB-PACK-011;Pose meuble vasque simple;CHANGEMENT;20
Salle de bain – Aménagement complet;;SDB-PACK-012;Pose meuble double vasque;CHANGEMENT;20
Salle de bain – Aménagement complet;;SDB-PACK-013;GROHE SmartControl encastré;CHANGEMENT;20
Salle de bain – Aménagement complet;;SDB-PACK-014;Colonne de douche complète;CHANGEMENT;20
Salle de bain – Aménagement complet;;SDB-PACK-015;WC suspendu;CHANGEMENT;20
Salle de bain – Aménagement complet;;SDB-PACK-016;WC au sol classique;CHANGEMENT;21
Salle de bain – Aménagement complet;;SDB-PACK-017;SPEC étanchéité salle de bain;CHANGEMENT;20
Salle de bain – Aménagement complet;;SDB-PACK-018;Faïence murale;CHANGEMENT;20
Salle de bain – Aménagement complet;;SDB-PACK-019;Carrelage sol SDB;CHANGEMENT;20
Salle de bain – Aménagement complet;;SDB-PACK-020;Salle de bain PMR complète;CHANGEMENT;20
Salle de bain – Aménagement complet;;SDB-PACK-004;Dépose complète ancienne salle de bain;DEMOLITION;20
Salle de bain – Aménagement complet;;SDB-STD-001;Creation salle de bain standard;INSTALLATION;20
Serrurerie – Métallerie;;SER-MET-PACK-001;Porte métallique sur mesure;CHANGEMENT;20
Serrurerie – Métallerie;;SER-MET-PACK-002;Porte métallique coupe-feu EI30/EI60;CHANGEMENT;20
Serrurerie – Métallerie;;SER-MET-PACK-003;Blindage porte appartement;CHANGEMENT;20
Serrurerie – Métallerie;;SER-MET-PACK-005;Garde-corps métallique;CHANGEMENT;20
Serrurerie – Métallerie;;SER-MET-PACK-007;Portillon acier / fer forgé;CHANGEMENT;20
Serrurerie – Métallerie;;SER-MET-PACK-010;Clôture acier / fer;CHANGEMENT;20
Serrurerie – Métallerie;;SER-MET-PACK-013;Auvent métallique;CHANGEMENT;20
Serrurerie – Métallerie;;SER-MET-PACK-016;Claustra métallique décoratif;CHANGEMENT;20
Serrurerie – Métallerie;;SER-MET-PACK-017;Verrière atelier métal;CHANGEMENT;20
Serrurerie – Métallerie;;SER-MET-PACK-018;Main courante extérieure galvanisée;CHANGEMENT;20
Serrurerie – Métallerie;;SER-MET-PACK-020;Portique métallique support portail;CHANGEMENT;20
Serrurerie – Métallerie;;SER-MET-PACK-023;IPN grande portée / linteau multiple;CHANGEMENT;20
Serrurerie – Métallerie;;SER-MET-PACK-025;Renfort balcon / acrotère métallique;CHANGEMENT;20
Serrurerie – Métallerie;;SER-MET-PACK-004;Grille de défense sur mesure;INSTALLATION;20
Serrurerie – Métallerie;;SER-MET-PACK-006;Main courante acier/inox;INSTALLATION;20
Serrurerie – Métallerie;;SER-MET-PACK-008;Portail battant acier;INSTALLATION;20
Serrurerie – Métallerie;;SER-MET-PACK-009;Portail coulissant acier;INSTALLATION;20
Serrurerie – Métallerie;;SER-MET-PACK-011;Escalier métal sur mesure;INSTALLATION;20
Serrurerie – Métallerie;;SER-MET-PACK-012;Mezzanine métallique;INSTALLATION;20
Serrurerie – Métallerie;;SER-MET-PACK-014;Carport métallique;INSTALLATION;20
Serrurerie – Métallerie;;SER-MET-PACK-015;Structure métal pergola/véranda;INSTALLATION;20
Serrurerie – Métallerie;;SER-MET-PACK-019;Pergola structure métallique;INSTALLATION;20
Serrurerie – Métallerie;;SER-MET-PACK-021;IPN linteau ouverture mur porteur;INSTALLATION;20
Serrurerie – Métallerie;;SER-MET-PACK-022;IPN de reprise sous dalle / plancher;INSTALLATION;20
Serrurerie – Métallerie;;SER-MET-PACK-024;IPN apparent décoratif industriel;INSTALLATION;20
Terrassement – VRD – Assainissement;;TER-PACK-001;Terrassement dalle béton terrasse 20-30 m²;INSTALLATION;20
Terrassement – VRD – Assainissement;;TER-PACK-002;Terrassement dalle béton 10–15 m²;INSTALLATION;21
Terrassement – VRD – Assainissement;;TER-PACK-003;Tranchée technique + pose réseaux 10–20 ml;INSTALLATION;20
Terrassement – VRD – Assainissement;;TER-PACK-004;Décaissement + hérisson pour dalle intérieure 15-25 m²;INSTALLATION;20
Terrassement – VRD – Assainissement;;TER-PACK-005;Préparation et mise en œuvre de réseaux enterrés EU/EP;INSTALLATION;20
Terrassement – VRD – Assainissement;;TER-PACK-006;Drainage périphérique maison 20-40 ml;INSTALLATION;20
Terrassement – VRD – Assainissement;;TER-PACK-007;Réalisation d'un regard béton + raccordements;INSTALLATION;20
Terrassement – VRD – Assainissement;;TER-PACK-008;Fosse septique 3000 L + épandage;INSTALLATION;20
Terrassement – VRD – Assainissement;;TER-PACK-009;Puits d'infiltration / puisard eaux pluviales;INSTALLATION;20
Terrassement – VRD – Assainissement;;TER-PACK-010;Décaissement + enrobé noir 20-40 m²;INSTALLATION;20
